version,participant,session,condition,indivMean,test,paradigm,nback,materials,participants,days
v1, 5deeb085bd3f25000a0216de,1,ctl,0.375,phrase,A,yes,TN2x2-Exp,Prolific,2
v1,1,1,exp,0.875,phrase,A,yes,TN2x2-Exp,Prolific,2
v1,1,2,exp,1,phrase,A,yes,TN2x2-Exp,Prolific,2
v1,10,1,ctl,0.875,phrase,A,yes,TN2x2-Exp,Prolific,2
v1,10,2,ctl,0.375,phrase,A,yes,TN2x2-Exp,Prolific,2
v1,13,1,ctl,0.75,phrase,A,yes,TN2x2-Exp,Prolific,2
v1,13,2,ctl,0.875,phrase,A,yes,TN2x2-Exp,Prolific,2
v1,17,1,ctl,0.25,phrase,A,yes,TN2x2-Exp,Prolific,2
v1,17,2,ctl,0.125,phrase,A,yes,TN2x2-Exp,Prolific,2
v1,2,1,exp,1,phrase,A,yes,TN2x2-Exp,Prolific,2
v1,2,2,exp,1,phrase,A,yes,TN2x2-Exp,Prolific,2
v1,20,1,exp,0.625,phrase,A,yes,TN2x2-Exp,Prolific,2
v1,20,2,exp,0.5,phrase,A,yes,TN2x2-Exp,Prolific,2
v1,22,1,exp,0.625,phrase,A,yes,TN2x2-Exp,Prolific,2
v1,22,2,exp,1,phrase,A,yes,TN2x2-Exp,Prolific,2
v1,23,1,ctl,0.75,phrase,A,yes,TN2x2-Exp,Prolific,2
v1,23,2,ctl,0.5,phrase,A,yes,TN2x2-Exp,Prolific,2
v1,24,1,ctl,0.75,phrase,A,yes,TN2x2-Exp,Prolific,2
v1,24,2,ctl,0.875,phrase,A,yes,TN2x2-Exp,Prolific,2
v1,5b7e7eb78e8cd800017099f0,1,ctl,0.625,phrase,A,yes,TN2x2-Exp,Prolific,2
v1,5b7e7eb78e8cd800017099f0,2,ctl,0.875,phrase,A,yes,TN2x2-Exp,Prolific,2
v1,5bcf4bb932e46700016fd804,1,exp,0.875,phrase,A,yes,TN2x2-Exp,Prolific,2
v1,5bcf4bb932e46700016fd804,2,exp,0.875,phrase,A,yes,TN2x2-Exp,Prolific,2
v1,5c2d0c8e9564bf00010257d3,1,ctl,0.5,phrase,A,yes,TN2x2-Exp,Prolific,2
v1,5c2d0c8e9564bf00010257d3,2,ctl,0.625,phrase,A,yes,TN2x2-Exp,Prolific,2
v1,5c2e190fa3e23b00017a3dff,1,exp,0.875,phrase,A,yes,TN2x2-Exp,Prolific,2
v1,5c2e190fa3e23b00017a3dff,2,exp,0.5,phrase,A,yes,TN2x2-Exp,Prolific,2
v1,5c3f53e45149ab0001dc54ce,1,ctl,0.625,phrase,A,yes,TN2x2-Exp,Prolific,2
v1,5c3f53e45149ab0001dc54ce,2,ctl,0.625,phrase,A,yes,TN2x2-Exp,Prolific,2
v1,5c4c7311620ba700010c0aa0,1,exp,0.625,phrase,A,yes,TN2x2-Exp,Prolific,2
v1,5c4c7311620ba700010c0aa0,2,exp,0.875,phrase,A,yes,TN2x2-Exp,Prolific,2
v1,5c879642f8e57d00168a286e,1,ctl,0.25,phrase,A,yes,TN2x2-Exp,Prolific,2
v1,5c879642f8e57d00168a286e,2,ctl,0.75,phrase,A,yes,TN2x2-Exp,Prolific,2
v1,5d00e117eb8afc00156d3317,1,exp,0.375,phrase,A,yes,TN2x2-Exp,Prolific,2
v1,5d00e117eb8afc00156d3317,2,exp,0.875,phrase,A,yes,TN2x2-Exp,Prolific,2
v1,5d159d0a8078020016aa60b9,1,ctl,0.5,phrase,A,yes,TN2x2-Exp,Prolific,2
v1,5d159d0a8078020016aa60b9,2,ctl,0.375,phrase,A,yes,TN2x2-Exp,Prolific,2
v1,5d3067ad3c028b001782ab68,1,ctl,0.375,phrase,A,yes,TN2x2-Exp,Prolific,2
v1,5d3067ad3c028b001782ab68,2,ctl,0.5,phrase,A,yes,TN2x2-Exp,Prolific,2
v1,5d4cd07fcc0b630019a26789,1,ctl,0.75,phrase,A,yes,TN2x2-Exp,Prolific,2
v1,5d4cd07fcc0b630019a26789,2,ctl,0.625,phrase,A,yes,TN2x2-Exp,Prolific,2
v1,5d5e699e133c9c0015f04658,1,exp,0.75,phrase,A,yes,TN2x2-Exp,Prolific,2
v1,5d5e699e133c9c0015f04658,2,exp,1,phrase,A,yes,TN2x2-Exp,Prolific,2
v1,5dae21b2232c620011d6a06e,1,exp,0.75,phrase,A,yes,TN2x2-Exp,Prolific,2
v1,5dae21b2232c620011d6a06e,2,exp,0.875,phrase,A,yes,TN2x2-Exp,Prolific,2
v1,5dc1e197b4cc7814f1e88b9e,1,exp,0.625,phrase,A,yes,TN2x2-Exp,Prolific,2
v1,5dc1e197b4cc7814f1e88b9e,2,exp,0.75,phrase,A,yes,TN2x2-Exp,Prolific,2
v1,5dcfaad2dd9a740c2493fc28,1,ctl,0.375,phrase,A,yes,TN2x2-Exp,Prolific,2
v1,5dcfaad2dd9a740c2493fc28,2,ctl,0.25,phrase,A,yes,TN2x2-Exp,Prolific,2
v1,5de12e8bcc246f1801c63071,1,exp,0.625,phrase,A,yes,TN2x2-Exp,Prolific,2
v1,5de12e8bcc246f1801c63071,2,exp,0.625,phrase,A,yes,TN2x2-Exp,Prolific,2
v1,5deeb085bd3f25000a0216de,2,ctl,0.25,phrase,A,yes,TN2x2-Exp,Prolific,2
v1,5e5c993cd0394c474f7cc502,1,ctl,0.5,phrase,A,yes,TN2x2-Exp,Prolific,2
v1,5e5c993cd0394c474f7cc502,2,ctl,0.5,phrase,A,yes,TN2x2-Exp,Prolific,2
v1,5e67d9ed33e6a60542f4dfd7,1,ctl,0.625,phrase,A,yes,TN2x2-Exp,Prolific,2
v1,5e67d9ed33e6a60542f4dfd7,2,ctl,0.625,phrase,A,yes,TN2x2-Exp,Prolific,2
v1,5e70bc96e121de000b95c20e,1,ctl,0.5,phrase,A,yes,TN2x2-Exp,Prolific,2
v1,5e70bc96e121de000b95c20e,2,ctl,0.75,phrase,A,yes,TN2x2-Exp,Prolific,2
v1,5e74a7adaec8c8000cc722f2,1,exp,0.75,phrase,A,yes,TN2x2-Exp,Prolific,2
v1,5e74a7adaec8c8000cc722f2,2,exp,0.875,phrase,A,yes,TN2x2-Exp,Prolific,2
v1,5e87b0db5ca75a41e4d0480d,1,ctl,0.625,phrase,A,yes,TN2x2-Exp,Prolific,2
v1,5e87b0db5ca75a41e4d0480d,2,ctl,0.75,phrase,A,yes,TN2x2-Exp,Prolific,2
v1,5e925aeb457c6e09281bf572,1,ctl,0.5,phrase,A,yes,TN2x2-Exp,Prolific,2
v1,5e925aeb457c6e09281bf572,2,ctl,0.875,phrase,A,yes,TN2x2-Exp,Prolific,2
v1,5e92f26b444572122fdfe44d,1,exp,0.625,phrase,A,yes,TN2x2-Exp,Prolific,2
v1,5e92f26b444572122fdfe44d,2,exp,0.5,phrase,A,yes,TN2x2-Exp,Prolific,2
v1,5e9f54ff5db8e90ab3ac5694,1,exp,0.875,phrase,A,yes,TN2x2-Exp,Prolific,2
v1,5e9f54ff5db8e90ab3ac5694,2,exp,1,phrase,A,yes,TN2x2-Exp,Prolific,2
v1,5e9fdd5effe6a51855448d1b,1,ctl,0.5,phrase,A,yes,TN2x2-Exp,Prolific,2
v1,5e9fdd5effe6a51855448d1b,2,ctl,0.625,phrase,A,yes,TN2x2-Exp,Prolific,2
v1,5ea1923215139d04825f034b,1,exp,0.75,phrase,A,yes,TN2x2-Exp,Prolific,2
v1,5ea1923215139d04825f034b,2,exp,1,phrase,A,yes,TN2x2-Exp,Prolific,2
v1,5ea7caacf5d2171a87ce9dea,1,exp,0.5,phrase,A,yes,TN2x2-Exp,Prolific,2
v1,5ea7caacf5d2171a87ce9dea,2,exp,0.375,phrase,A,yes,TN2x2-Exp,Prolific,2
v1,5ea84a37b5135b0898faa677,1,ctl,0.5,phrase,A,yes,TN2x2-Exp,Prolific,2
v1,5ea84a37b5135b0898faa677,2,ctl,0.625,phrase,A,yes,TN2x2-Exp,Prolific,2
v1,5ea95301f1853405e031a30d,1,exp,0.375,phrase,A,yes,TN2x2-Exp,Prolific,2
v1,5ea95301f1853405e031a30d,2,exp,1,phrase,A,yes,TN2x2-Exp,Prolific,2
v1,5ebe172a6d155d018177a84d,1,exp,0.75,phrase,A,yes,TN2x2-Exp,Prolific,2
v1,5ebe172a6d155d018177a84d,2,exp,0.125,phrase,A,yes,TN2x2-Exp,Prolific,2
v1,5ec888262256df3457ab483b,1,exp,0.625,phrase,A,yes,TN2x2-Exp,Prolific,2
v1,5ec888262256df3457ab483b,2,exp,0.5,phrase,A,yes,TN2x2-Exp,Prolific,2
v1,5eeb7b4164ff080a9e23701b,1,exp,0.875,phrase,A,yes,TN2x2-Exp,Prolific,2
v1,5eeb7b4164ff080a9e23701b,2,exp,1,phrase,A,yes,TN2x2-Exp,Prolific,2
v1,5eeb7ee77a37002b9322d143,1,ctl,0.5,phrase,A,yes,TN2x2-Exp,Prolific,2
v1,5eeb7ee77a37002b9322d143,2,ctl,0.375,phrase,A,yes,TN2x2-Exp,Prolific,2
v1,5ef5f78600093427dfd5e120,1,exp,1,phrase,A,yes,TN2x2-Exp,Prolific,2
v1,5ef5f78600093427dfd5e120,2,exp,0.875,phrase,A,yes,TN2x2-Exp,Prolific,2
v1,5ef658dc548fce12fda46af8,1,exp,1,phrase,A,yes,TN2x2-Exp,Prolific,2
v1,5ef658dc548fce12fda46af8,2,exp,1,phrase,A,yes,TN2x2-Exp,Prolific,2
v1,5f04976a0b665371cda768a3,1,exp,0.75,phrase,A,yes,TN2x2-Exp,Prolific,2
v1,5f04976a0b665371cda768a3,2,exp,1,phrase,A,yes,TN2x2-Exp,Prolific,2
v1,5f12978191d5a11f7264d4fe,1,ctl,0.375,phrase,A,yes,TN2x2-Exp,Prolific,2
v1,5f12978191d5a11f7264d4fe,2,ctl,0.375,phrase,A,yes,TN2x2-Exp,Prolific,2
v1,5f2155d9f68c70023f4bc56d,1,exp,0.625,phrase,A,yes,TN2x2-Exp,Prolific,2
v1,5f2155d9f68c70023f4bc56d,2,exp,0.875,phrase,A,yes,TN2x2-Exp,Prolific,2
v1,5f34252cc70f502d58484682,1,exp,0.625,phrase,A,yes,TN2x2-Exp,Prolific,2
v1,5f34252cc70f502d58484682,2,exp,0.375,phrase,A,yes,TN2x2-Exp,Prolific,2
v1,5f36e88d88481a138d6c3ec2,1,ctl,0.5,phrase,A,yes,TN2x2-Exp,Prolific,2
v1,5f36e88d88481a138d6c3ec2,2,ctl,0.625,phrase,A,yes,TN2x2-Exp,Prolific,2
v1,5f3a56017d9fb30414533712,1,exp,0.875,phrase,A,yes,TN2x2-Exp,Prolific,2
v1,5f3a56017d9fb30414533712,2,exp,1,phrase,A,yes,TN2x2-Exp,Prolific,2
v1,5f3a8e561b4e9f6a7f442309,1,exp,1,phrase,A,yes,TN2x2-Exp,Prolific,2
v1,5f3a8e561b4e9f6a7f442309,2,exp,1,phrase,A,yes,TN2x2-Exp,Prolific,2
v1,5f3ee8fb5f0cc21a519fb0c2,1,ctl,0.625,phrase,A,yes,TN2x2-Exp,Prolific,2
v1,5f3ee8fb5f0cc21a519fb0c2,2,ctl,0.5,phrase,A,yes,TN2x2-Exp,Prolific,2
v1,5f47cce43d27dd0c287d3f96,1,exp,0.25,phrase,A,yes,TN2x2-Exp,Prolific,2
v1,5f47cce43d27dd0c287d3f96,2,exp,0.625,phrase,A,yes,TN2x2-Exp,Prolific,2
v1,5f481bf67f52512c71e6999a,1,exp,0.25,phrase,A,yes,TN2x2-Exp,Prolific,2
v1,5f481bf67f52512c71e6999a,2,exp,0.625,phrase,A,yes,TN2x2-Exp,Prolific,2
v1,5f4a2b6d7c7b4459814a4477,1,exp,0.75,phrase,A,yes,TN2x2-Exp,Prolific,2
v1,5f4a2b6d7c7b4459814a4477,2,exp,0.625,phrase,A,yes,TN2x2-Exp,Prolific,2
v1,5f4ab03761da210eed724859,1,ctl,0.625,phrase,A,yes,TN2x2-Exp,Prolific,2
v1,5f4ab03761da210eed724859,2,ctl,0.375,phrase,A,yes,TN2x2-Exp,Prolific,2
v1,5f4bb7df5071eb06891ccb10,1,exp,0.75,phrase,A,yes,TN2x2-Exp,Prolific,2
v1,5f4bb7df5071eb06891ccb10,2,exp,0.875,phrase,A,yes,TN2x2-Exp,Prolific,2
v1,5f588fb87204220009eb684f,1,exp,0.875,phrase,A,yes,TN2x2-Exp,Prolific,2
v1,5f588fb87204220009eb684f,2,exp,0.875,phrase,A,yes,TN2x2-Exp,Prolific,2
v1,5f5b64c313f9ca2931cf9917,1,ctl,0.625,phrase,A,yes,TN2x2-Exp,Prolific,2
v1,5f5b64c313f9ca2931cf9917,2,ctl,0.875,phrase,A,yes,TN2x2-Exp,Prolific,2
v1,5f6140e95bd9c00ce24bf92a,1,exp,1,phrase,A,yes,TN2x2-Exp,Prolific,2
v1,5f6140e95bd9c00ce24bf92a,2,exp,1,phrase,A,yes,TN2x2-Exp,Prolific,2
v1,5f64b5eed3b0d9015f58920c,1,exp,0.75,phrase,A,yes,TN2x2-Exp,Prolific,2
v1,5f64b5eed3b0d9015f58920c,2,exp,0.5,phrase,A,yes,TN2x2-Exp,Prolific,2
v1,5f6affd2fcd69209f9f768bd,1,exp,0.875,phrase,A,yes,TN2x2-Exp,Prolific,2
v1,5f6affd2fcd69209f9f768bd,2,exp,0.875,phrase,A,yes,TN2x2-Exp,Prolific,2
v1,5f8739ae0483431242e11d41,1,ctl,0.75,phrase,A,yes,TN2x2-Exp,Prolific,2
v1,5f8739ae0483431242e11d41,2,ctl,0.375,phrase,A,yes,TN2x2-Exp,Prolific,2
v1,7,1,ctl,0.375,phrase,A,yes,TN2x2-Exp,Prolific,2
v1,7,2,ctl,0.375,phrase,A,yes,TN2x2-Exp,Prolific,2
v1,8,1,exp,0.875,phrase,A,yes,TN2x2-Exp,Prolific,2
v1,8,2,exp,0.875,phrase,A,yes,TN2x2-Exp,Prolific,2
v1,1,2,exp,0.916666667,sentence,A,yes,TN2x2-Exp,Prolific,2
v1,10,2,ctl,0.833333333,sentence,A,yes,TN2x2-Exp,Prolific,2
v1,13,2,ctl,0.666666667,sentence,A,yes,TN2x2-Exp,Prolific,2
v1,17,2,ctl,0.583333333,sentence,A,yes,TN2x2-Exp,Prolific,2
v1,2,2,exp,0.416666667,sentence,A,yes,TN2x2-Exp,Prolific,2
v1,20,2,exp,0.666666667,sentence,A,yes,TN2x2-Exp,Prolific,2
v1,22,2,exp,0.416666667,sentence,A,yes,TN2x2-Exp,Prolific,2
v1,23,2,ctl,0.75,sentence,A,yes,TN2x2-Exp,Prolific,2
v1,24,2,ctl,0.75,sentence,A,yes,TN2x2-Exp,Prolific,2
v1,5b7e7eb78e8cd800017099f0,2,ctl,0.583333333,sentence,A,yes,TN2x2-Exp,Prolific,2
v1,5bcf4bb932e46700016fd804,2,exp,0.75,sentence,A,yes,TN2x2-Exp,Prolific,2
v1,5c2d0c8e9564bf00010257d3,2,ctl,0.833333333,sentence,A,yes,TN2x2-Exp,Prolific,2
v1,5c2e190fa3e23b00017a3dff,2,exp,0.416666667,sentence,A,yes,TN2x2-Exp,Prolific,2
v1,5c3f53e45149ab0001dc54ce,2,ctl,0.5,sentence,A,yes,TN2x2-Exp,Prolific,2
v1,5c4c7311620ba700010c0aa0,2,exp,0.833333333,sentence,A,yes,TN2x2-Exp,Prolific,2
v1,5c879642f8e57d00168a286e,2,ctl,0.666666667,sentence,A,yes,TN2x2-Exp,Prolific,2
v1,5d00e117eb8afc00156d3317,2,exp,0.5,sentence,A,yes,TN2x2-Exp,Prolific,2
v1,5d159d0a8078020016aa60b9,2,ctl,0.666666667,sentence,A,yes,TN2x2-Exp,Prolific,2
v1,5d3067ad3c028b001782ab68,2,ctl,0.416666667,sentence,A,yes,TN2x2-Exp,Prolific,2
v1,5d4cd07fcc0b630019a26789,2,ctl,0.583333333,sentence,A,yes,TN2x2-Exp,Prolific,2
v1,5d5e699e133c9c0015f04658,2,exp,0.833333333,sentence,A,yes,TN2x2-Exp,Prolific,2
v1,5dae21b2232c620011d6a06e,2,exp,0.75,sentence,A,yes,TN2x2-Exp,Prolific,2
v1,5dc1e197b4cc7814f1e88b9e,2,exp,0.916666667,sentence,A,yes,TN2x2-Exp,Prolific,2
v1,5dcfaad2dd9a740c2493fc28,2,ctl,0.75,sentence,A,yes,TN2x2-Exp,Prolific,2
v1,5de12e8bcc246f1801c63071,2,exp,0.5,sentence,A,yes,TN2x2-Exp,Prolific,2
v1,5deeb085bd3f25000a0216de,2,ctl,0.583333333,sentence,A,yes,TN2x2-Exp,Prolific,2
v1,5e5c993cd0394c474f7cc502,2,ctl,0.75,sentence,A,yes,TN2x2-Exp,Prolific,2
v1,5e67d9ed33e6a60542f4dfd7,2,ctl,0.333333333,sentence,A,yes,TN2x2-Exp,Prolific,2
v1,5e70bc96e121de000b95c20e,2,ctl,0.833333333,sentence,A,yes,TN2x2-Exp,Prolific,2
v1,5e74a7adaec8c8000cc722f2,2,exp,0.333333333,sentence,A,yes,TN2x2-Exp,Prolific,2
v1,5e87b0db5ca75a41e4d0480d,2,ctl,0.583333333,sentence,A,yes,TN2x2-Exp,Prolific,2
v1,5e925aeb457c6e09281bf572,2,ctl,0.5,sentence,A,yes,TN2x2-Exp,Prolific,2
v1,5e92f26b444572122fdfe44d,2,exp,0.75,sentence,A,yes,TN2x2-Exp,Prolific,2
v1,5e9f54ff5db8e90ab3ac5694,2,exp,0.833333333,sentence,A,yes,TN2x2-Exp,Prolific,2
v1,5e9fdd5effe6a51855448d1b,2,ctl,0.333333333,sentence,A,yes,TN2x2-Exp,Prolific,2
v1,5ea1923215139d04825f034b,2,exp,0.583333333,sentence,A,yes,TN2x2-Exp,Prolific,2
v1,5ea7caacf5d2171a87ce9dea,2,exp,0.666666667,sentence,A,yes,TN2x2-Exp,Prolific,2
v1,5ea84a37b5135b0898faa677,2,ctl,0.416666667,sentence,A,yes,TN2x2-Exp,Prolific,2
v1,5ea95301f1853405e031a30d,2,exp,0.833333333,sentence,A,yes,TN2x2-Exp,Prolific,2
v1,5ebe172a6d155d018177a84d,2,exp,1,sentence,A,yes,TN2x2-Exp,Prolific,2
v1,5ec888262256df3457ab483b,2,exp,0.5,sentence,A,yes,TN2x2-Exp,Prolific,2
v1,5eeb7b4164ff080a9e23701b,2,exp,0.833333333,sentence,A,yes,TN2x2-Exp,Prolific,2
v1,5eeb7ee77a37002b9322d143,2,ctl,0.5,sentence,A,yes,TN2x2-Exp,Prolific,2
v1,5ef5f78600093427dfd5e120,2,exp,1,sentence,A,yes,TN2x2-Exp,Prolific,2
v1,5ef658dc548fce12fda46af8,2,exp,1,sentence,A,yes,TN2x2-Exp,Prolific,2
v1,5f04976a0b665371cda768a3,2,exp,0.75,sentence,A,yes,TN2x2-Exp,Prolific,2
v1,5f12978191d5a11f7264d4fe,2,ctl,0.583333333,sentence,A,yes,TN2x2-Exp,Prolific,2
v1,5f2155d9f68c70023f4bc56d,2,exp,0.833333333,sentence,A,yes,TN2x2-Exp,Prolific,2
v1,5f34252cc70f502d58484682,2,exp,0.5,sentence,A,yes,TN2x2-Exp,Prolific,2
v1,5f36e88d88481a138d6c3ec2,2,ctl,0.5,sentence,A,yes,TN2x2-Exp,Prolific,2
v1,5f3a56017d9fb30414533712,2,exp,0.75,sentence,A,yes,TN2x2-Exp,Prolific,2
v1,5f3a8e561b4e9f6a7f442309,2,exp,1,sentence,A,yes,TN2x2-Exp,Prolific,2
v1,5f3ee8fb5f0cc21a519fb0c2,2,ctl,0.416666667,sentence,A,yes,TN2x2-Exp,Prolific,2
v1,5f47cce43d27dd0c287d3f96,2,exp,0.583333333,sentence,A,yes,TN2x2-Exp,Prolific,2
v1,5f481bf67f52512c71e6999a,2,exp,0.666666667,sentence,A,yes,TN2x2-Exp,Prolific,2
v1,5f4a2b6d7c7b4459814a4477,2,exp,0.666666667,sentence,A,yes,TN2x2-Exp,Prolific,2
v1,5f4ab03761da210eed724859,2,ctl,0.666666667,sentence,A,yes,TN2x2-Exp,Prolific,2
v1,5f4bb7df5071eb06891ccb10,2,exp,0.75,sentence,A,yes,TN2x2-Exp,Prolific,2
v1,5f588fb87204220009eb684f,2,exp,0.916666667,sentence,A,yes,TN2x2-Exp,Prolific,2
v1,5f5b64c313f9ca2931cf9917,2,ctl,0.5,sentence,A,yes,TN2x2-Exp,Prolific,2
v1,5f6140e95bd9c00ce24bf92a,2,exp,1,sentence,A,yes,TN2x2-Exp,Prolific,2
v1,5f64b5eed3b0d9015f58920c,2,exp,0.583333333,sentence,A,yes,TN2x2-Exp,Prolific,2
v1,5f6affd2fcd69209f9f768bd,2,exp,0.75,sentence,A,yes,TN2x2-Exp,Prolific,2
v1,5f8739ae0483431242e11d41,2,ctl,0.666666667,sentence,A,yes,TN2x2-Exp,Prolific,2
v1,7,2,ctl,0.5,sentence,A,yes,TN2x2-Exp,Prolific,2
v1,8,2,exp,0.833333333,sentence,A,yes,TN2x2-Exp,Prolific,2
v10,p01,1,exp,1,phrase,E,no,TN2x2-Exp,Prolific,1
v10,p02,1,exp,0.625,phrase,E,no,TN2x2-Exp,Prolific,1
v10,p03,1,exp,0.875,phrase,E,no,TN2x2-Exp,Prolific,1
v10,p04,1,exp,0.625,phrase,E,no,TN2x2-Exp,Prolific,1
v10,p05,1,exp,0.25,phrase,E,no,TN2x2-Exp,Prolific,1
v10,p06,1,exp,0.5,phrase,E,no,TN2x2-Exp,Prolific,1
v10,p07,1,exp,0.875,phrase,E,no,TN2x2-Exp,Prolific,1
v10,p08,1,exp,0.875,phrase,E,no,TN2x2-Exp,Prolific,1
v10,p09,1,exp,0.75,phrase,E,no,TN2x2-Exp,Prolific,1
v10,p10,1,exp,0.75,phrase,E,no,TN2x2-Exp,Prolific,1
v10,p01,1,exp,0.916666667,sentence,E,no,TN2x2-Exp,Prolific,1
v10,p02,1,exp,0.833333333,sentence,E,no,TN2x2-Exp,Prolific,1
v10,p03,1,exp,0.5,sentence,E,no,TN2x2-Exp,Prolific,1
v10,p04,1,exp,0.5,sentence,E,no,TN2x2-Exp,Prolific,1
v10,p05,1,exp,0.5,sentence,E,no,TN2x2-Exp,Prolific,1
v10,p06,1,exp,0.5,sentence,E,no,TN2x2-Exp,Prolific,1
v10,p07,1,exp,0.583333333,sentence,E,no,TN2x2-Exp,Prolific,1
v10,p08,1,exp,0.583333333,sentence,E,no,TN2x2-Exp,Prolific,1
v10,p09,1,exp,0.416666667,sentence,E,no,TN2x2-Exp,Prolific,1
v10,p10,1,exp,0.666666667,sentence,E,no,TN2x2-Exp,Prolific,1
v11,565bff58c121fe0005fc390d,1,exp,0.75,phrase,E,yes,TN2x2-Exp,Prolific,1
v11,5d9e9aa245283100163122c5,1,exp,0.625,phrase,E,yes,TN2x2-Exp,Prolific,1
v11,5dd2d431181abc2ecde6edb4,1,exp,0.75,phrase,E,yes,TN2x2-Exp,Prolific,1
v11,5f90c32f69122f1cebd1cc0b,1,exp,0.375,phrase,E,yes,TN2x2-Exp,Prolific,1
v11,61073d8e2a9737822418b426,1,exp,0.5,phrase,E,yes,TN2x2-Exp,Prolific,1
v11,6107953a411ead6525346cc8,1,exp,0.75,phrase,E,yes,TN2x2-Exp,Prolific,1
v11,6110cf24ba013fd058746d07,1,exp,1,phrase,E,yes,TN2x2-Exp,Prolific,1
v11,611ffe84a8214760847fc4de,1,exp,0.5,phrase,E,yes,TN2x2-Exp,Prolific,1
v11,62911a82ead4bc61607aa7d8,1,exp,0.625,phrase,E,yes,TN2x2-Exp,Prolific,1
v11,565bff58c121fe0005fc390d,1,exp,0.666666667,sentence,E,yes,TN2x2-Exp,Prolific,1
v11,5d9e9aa245283100163122c5,1,exp,0.5,sentence,E,yes,TN2x2-Exp,Prolific,1
v11,5dd2d431181abc2ecde6edb4,1,exp,0.5,sentence,E,yes,TN2x2-Exp,Prolific,1
v11,5f90c32f69122f1cebd1cc0b,1,exp,0.75,sentence,E,yes,TN2x2-Exp,Prolific,1
v11,61073d8e2a9737822418b426,1,exp,0.583333333,sentence,E,yes,TN2x2-Exp,Prolific,1
v11,6107953a411ead6525346cc8,1,exp,0.583333333,sentence,E,yes,TN2x2-Exp,Prolific,1
v11,6110cf24ba013fd058746d07,1,exp,0.666666667,sentence,E,yes,TN2x2-Exp,Prolific,1
v11,611ffe84a8214760847fc4de,1,exp,0.416666667,sentence,E,yes,TN2x2-Exp,Prolific,1
v11,62911a82ead4bc61607aa7d8,1,exp,0.416666667,sentence,E,yes,TN2x2-Exp,Prolific,1
v12,570b7f8fb9b52b00102d9723,2,exp,0.5,phrase,E,yes,TN2x2-Exp,Prolific,2
v12,59102d52f601090001e80b82,2,exp,1,phrase,E,yes,TN2x2-Exp,Prolific,2
v12,5aa8ebf089de8200013f8c48,2,exp,0.875,phrase,E,yes,TN2x2-Exp,Prolific,2
v12,5c0b388b9c7b1100015ab55f,2,exp,0.5,phrase,E,yes,TN2x2-Exp,Prolific,2
v12,5cdf4dd618f742000174cd3f,2,exp,0.625,phrase,E,yes,TN2x2-Exp,Prolific,2
v12,5cf272137e2e1400157f2b3b,2,exp,0.375,phrase,E,yes,TN2x2-Exp,Prolific,2
v12,5e9a5763b804c70e5b5bf37b,2,exp,1,phrase,E,yes,TN2x2-Exp,Prolific,2
v12,5eaf89868dc798686228174b,2,exp,0.875,phrase,E,yes,TN2x2-Exp,Prolific,2
v12,5ebe172a6d155d018177a84d,2,exp,0.625,phrase,E,yes,TN2x2-Exp,Prolific,2
v12,5ec85e9240ce74335fcd7b64,2,exp,0.75,phrase,E,yes,TN2x2-Exp,Prolific,2
v12,5ecc5a663823de80ecbe966a,2,exp,0.625,phrase,E,yes,TN2x2-Exp,Prolific,2
v12,5f75db6fa9ca2429bcc862a4,2,exp,0.625,phrase,E,yes,TN2x2-Exp,Prolific,2
v12,60f6c4f53095de7e7dd90581,2,exp,0.625,phrase,E,yes,TN2x2-Exp,Prolific,2
v12,613b53e4038b14ab5bf1f889,2,exp,0.625,phrase,E,yes,TN2x2-Exp,Prolific,2
v12,6234866ad5f13fac2a5cf725,2,exp,0.625,phrase,E,yes,TN2x2-Exp,Prolific,2
v12,570b7f8fb9b52b00102d9723,2,exp,0.416666667,sentence,E,yes,TN2x2-Exp,Prolific,2
v12,59102d52f601090001e80b82,2,exp,1,sentence,E,yes,TN2x2-Exp,Prolific,2
v12,5aa8ebf089de8200013f8c48,2,exp,0.666666667,sentence,E,yes,TN2x2-Exp,Prolific,2
v12,5c0b388b9c7b1100015ab55f,2,exp,0.5,sentence,E,yes,TN2x2-Exp,Prolific,2
v12,5cdf4dd618f742000174cd3f,2,exp,0.666666667,sentence,E,yes,TN2x2-Exp,Prolific,2
v12,5cf272137e2e1400157f2b3b,2,exp,0.583333333,sentence,E,yes,TN2x2-Exp,Prolific,2
v12,5e9a5763b804c70e5b5bf37b,2,exp,1,sentence,E,yes,TN2x2-Exp,Prolific,2
v12,5eaf89868dc798686228174b,2,exp,0.75,sentence,E,yes,TN2x2-Exp,Prolific,2
v12,5ebe172a6d155d018177a84d,2,exp,0.75,sentence,E,yes,TN2x2-Exp,Prolific,2
v12,5ec85e9240ce74335fcd7b64,2,exp,0.666666667,sentence,E,yes,TN2x2-Exp,Prolific,2
v12,5ecc5a663823de80ecbe966a,2,exp,0.583333333,sentence,E,yes,TN2x2-Exp,Prolific,2
v12,5f75db6fa9ca2429bcc862a4,2,exp,0.833333333,sentence,E,yes,TN2x2-Exp,Prolific,2
v12,60f6c4f53095de7e7dd90581,2,exp,0.583333333,sentence,E,yes,TN2x2-Exp,Prolific,2
v12,613b53e4038b14ab5bf1f889,2,exp,0.333333333,sentence,E,yes,TN2x2-Exp,Prolific,2
v12,6234866ad5f13fac2a5cf725,2,exp,0.5,sentence,E,yes,TN2x2-Exp,Prolific,2
v13,p01,2,exp,1,phrase,E,yes,TN2x2-Exp,Haskins (In-person),2
v13,p02,2,exp,0.875,phrase,E,yes,TN2x2-Exp,Haskins (In-person),2
v13,p03,2,exp,1,phrase,E,yes,TN2x2-Exp,Haskins (In-person),2
v13,p04,2,exp,0.25,phrase,E,yes,TN2x2-Exp,Haskins (In-person),2
v13,p05,2,exp,0.625,phrase,E,yes,TN2x2-Exp,Haskins (In-person),2
v13,p06,2,exp,0.5,phrase,E,yes,TN2x2-Exp,Haskins (In-person),2
v13,p07,2,exp,0.625,phrase,E,yes,TN2x2-Exp,Haskins (In-person),2
v13,p08,2,exp,0.875,phrase,E,yes,TN2x2-Exp,Haskins (In-person),2
v13,p09,2,exp,0.75,phrase,E,yes,TN2x2-Exp,Haskins (In-person),2
v13,p10,2,exp,0.375,phrase,E,yes,TN2x2-Exp,Haskins (In-person),2
v13,p11,2,exp,0.875,phrase,E,yes,TN2x2-Exp,Haskins (In-person),2
v13,p12,2,exp,0.875,phrase,E,yes,TN2x2-Exp,Haskins (In-person),2
v13,p01,2,exp,0.666666667,sentence,E,yes,TN2x2-Exp,Haskins (In-person),2
v13,p02,2,exp,0.75,sentence,E,yes,TN2x2-Exp,Haskins (In-person),2
v13,p03,2,exp,0.666666667,sentence,E,yes,TN2x2-Exp,Haskins (In-person),2
v13,p04,2,exp,0.583333333,sentence,E,yes,TN2x2-Exp,Haskins (In-person),2
v13,p05,2,exp,0.75,sentence,E,yes,TN2x2-Exp,Haskins (In-person),2
v13,p06,2,exp,0.75,sentence,E,yes,TN2x2-Exp,Haskins (In-person),2
v13,p07,2,exp,0.416666667,sentence,E,yes,TN2x2-Exp,Haskins (In-person),2
v13,p08,2,exp,0.5,sentence,E,yes,TN2x2-Exp,Haskins (In-person),2
v13,p09,2,exp,0.583333333,sentence,E,yes,TN2x2-Exp,Haskins (In-person),2
v13,p10,2,exp,0.416666667,sentence,E,yes,TN2x2-Exp,Haskins (In-person),2
v13,p11,2,exp,0.5,sentence,E,yes,TN2x2-Exp,Haskins (In-person),2
v13,p12,2,exp,0.5,sentence,E,yes,TN2x2-Exp,Haskins (In-person),2
v14,590819e205fbfc000147720c,1,exp,0.75,phrase,F,yes,TN2x2-Exp,Prolific,1
v14,5bf408f7f35e0c000101693a,1,exp,0.125,phrase,F,yes,TN2x2-Exp,Prolific,1
v14,5e9749b44592572013c96868,1,exp,0.75,phrase,F,yes,TN2x2-Exp,Prolific,1
v14,5efa9ca98dd7fe8eefe7b16f,1,exp,0.5,phrase,F,yes,TN2x2-Exp,Prolific,1
v14,5f35742998f31a13a1582100,1,exp,0.875,phrase,F,yes,TN2x2-Exp,Prolific,1
v14,5f727fee07055f1d02a05a99,1,exp,0.75,phrase,F,yes,TN2x2-Exp,Prolific,1
v14,5fe7830f60d5fb11b5e2893e,1,exp,0.75,phrase,F,yes,TN2x2-Exp,Prolific,1
v14,601384a93161f727956f25bc,1,exp,0.875,phrase,F,yes,TN2x2-Exp,Prolific,1
v14,6060cc2bf9ba38d90b1a6f12,1,exp,0.5,phrase,F,yes,TN2x2-Exp,Prolific,1
v14,60624e11f9777c313cbc9b0a,1,exp,1,phrase,F,yes,TN2x2-Exp,Prolific,1
v14,60f3875c0ffbd69c03e0337f,1,exp,0.625,phrase,F,yes,TN2x2-Exp,Prolific,1
v14,6102d660e2f09dd991f8a13c,1,exp,0.375,phrase,F,yes,TN2x2-Exp,Prolific,1
v14,610b164074738771ef9acb0a,1,exp,0.75,phrase,F,yes,TN2x2-Exp,Prolific,1
v14,6176071ec607f4e230dc59ff,1,exp,0.375,phrase,F,yes,TN2x2-Exp,Prolific,1
v14,628d78a2ccf4a41f24c2d2d8,1,exp,0.5,phrase,F,yes,TN2x2-Exp,Prolific,1
v14,590819e205fbfc000147720c,1,exp,0.5,sentence,F,yes,TN2x2-Exp,Prolific,1
v14,5bf408f7f35e0c000101693a,1,exp,0.5,sentence,F,yes,TN2x2-Exp,Prolific,1
v14,5e9749b44592572013c96868,1,exp,0.416666667,sentence,F,yes,TN2x2-Exp,Prolific,1
v14,5efa9ca98dd7fe8eefe7b16f,1,exp,0.5,sentence,F,yes,TN2x2-Exp,Prolific,1
v14,5f35742998f31a13a1582100,1,exp,0.5,sentence,F,yes,TN2x2-Exp,Prolific,1
v14,5f727fee07055f1d02a05a99,1,exp,0.583333333,sentence,F,yes,TN2x2-Exp,Prolific,1
v14,5fe7830f60d5fb11b5e2893e,1,exp,0.583333333,sentence,F,yes,TN2x2-Exp,Prolific,1
v14,601384a93161f727956f25bc,1,exp,0.666666667,sentence,F,yes,TN2x2-Exp,Prolific,1
v14,6060cc2bf9ba38d90b1a6f12,1,exp,0.166666667,sentence,F,yes,TN2x2-Exp,Prolific,1
v14,60624e11f9777c313cbc9b0a,1,exp,0.5,sentence,F,yes,TN2x2-Exp,Prolific,1
v14,60f3875c0ffbd69c03e0337f,1,exp,0.416666667,sentence,F,yes,TN2x2-Exp,Prolific,1
v14,6102d660e2f09dd991f8a13c,1,exp,0.666666667,sentence,F,yes,TN2x2-Exp,Prolific,1
v14,610b164074738771ef9acb0a,1,exp,0.666666667,sentence,F,yes,TN2x2-Exp,Prolific,1
v14,6176071ec607f4e230dc59ff,1,exp,0.416666667,sentence,F,yes,TN2x2-Exp,Prolific,1
v14,628d78a2ccf4a41f24c2d2d8,1,exp,0.75,sentence,F,yes,TN2x2-Exp,Prolific,1
v15,55b6ed4afdf99b437183fa6f,1,exp,0.5,phrase,G,yes,TN2x2-Exp,Prolific,1
v15,5cabaa10ed17090015e1eb75,1,exp,0.875,phrase,G,yes,TN2x2-Exp,Prolific,1
v15,5cd813aca9a8c4001963a0aa,1,exp,0.5,phrase,G,yes,TN2x2-Exp,Prolific,1
v15,5e38397719e44f0244389781,1,exp,0.375,phrase,G,yes,TN2x2-Exp,Prolific,1
v15,5e6473fbc15dbe1f71eea95b,1,exp,0.5,phrase,G,yes,TN2x2-Exp,Prolific,1
v15,5ee09c1a0c2ad1027f541f53,1,exp,0.875,phrase,G,yes,TN2x2-Exp,Prolific,1
v15,5efa5e5318bc3f88c33c96d3,1,exp,0.75,phrase,G,yes,TN2x2-Exp,Prolific,1
v15,5f3d49c430715f09ebb6389e,1,exp,0.875,phrase,G,yes,TN2x2-Exp,Prolific,1
v15,5f6268cd932d572bb434a9d8,1,exp,0.625,phrase,G,yes,TN2x2-Exp,Prolific,1
v15,5f8359dc31c65e0fca60103f,1,exp,0.625,phrase,G,yes,TN2x2-Exp,Prolific,1
v15,5fb2a36beb05718ea82fa6ff,1,exp,0.625,phrase,G,yes,TN2x2-Exp,Prolific,1
v15,602603f9a70f0422cf0c9189,1,exp,0.625,phrase,G,yes,TN2x2-Exp,Prolific,1
v15,607ee7232fb723e021ea8bd5,1,exp,0.5,phrase,G,yes,TN2x2-Exp,Prolific,1
v15,60850f02822cdda28b5ecfcb,1,exp,0.5,phrase,G,yes,TN2x2-Exp,Prolific,1
v15,60dc5db16a1f021ec91dbb76,1,exp,0.75,phrase,G,yes,TN2x2-Exp,Prolific,1
v15,60e45a8df3027ddbbe481a65,1,exp,0.5,phrase,G,yes,TN2x2-Exp,Prolific,1
v15,6118ad8ee236d50188f3cd1b,1,exp,0.75,phrase,G,yes,TN2x2-Exp,Prolific,1
v15,613041ad32f566d195975bab,1,exp,0.75,phrase,G,yes,TN2x2-Exp,Prolific,1
v15,62a378da05bc514b69023189,1,exp,0.375,phrase,G,yes,TN2x2-Exp,Prolific,1
v15,55b6ed4afdf99b437183fa6f,1,exp,0.5,sentence,G,yes,TN2x2-Exp,Prolific,1
v15,5cabaa10ed17090015e1eb75,1,exp,0.583333333,sentence,G,yes,TN2x2-Exp,Prolific,1
v15,5cd813aca9a8c4001963a0aa,1,exp,0.333333333,sentence,G,yes,TN2x2-Exp,Prolific,1
v15,5e38397719e44f0244389781,1,exp,0.583333333,sentence,G,yes,TN2x2-Exp,Prolific,1
v15,5e6473fbc15dbe1f71eea95b,1,exp,0.333333333,sentence,G,yes,TN2x2-Exp,Prolific,1
v15,5ee09c1a0c2ad1027f541f53,1,exp,0.666666667,sentence,G,yes,TN2x2-Exp,Prolific,1
v15,5efa5e5318bc3f88c33c96d3,1,exp,0.416666667,sentence,G,yes,TN2x2-Exp,Prolific,1
v15,5f3d49c430715f09ebb6389e,1,exp,0.833333333,sentence,G,yes,TN2x2-Exp,Prolific,1
v15,5f6268cd932d572bb434a9d8,1,exp,0.583333333,sentence,G,yes,TN2x2-Exp,Prolific,1
v15,5f8359dc31c65e0fca60103f,1,exp,0.333333333,sentence,G,yes,TN2x2-Exp,Prolific,1
v15,5fb2a36beb05718ea82fa6ff,1,exp,0.75,sentence,G,yes,TN2x2-Exp,Prolific,1
v15,602603f9a70f0422cf0c9189,1,exp,0.333333333,sentence,G,yes,TN2x2-Exp,Prolific,1
v15,607ee7232fb723e021ea8bd5,1,exp,0.666666667,sentence,G,yes,TN2x2-Exp,Prolific,1
v15,60850f02822cdda28b5ecfcb,1,exp,0.333333333,sentence,G,yes,TN2x2-Exp,Prolific,1
v15,60dc5db16a1f021ec91dbb76,1,exp,0.583333333,sentence,G,yes,TN2x2-Exp,Prolific,1
v15,60e45a8df3027ddbbe481a65,1,exp,0.583333333,sentence,G,yes,TN2x2-Exp,Prolific,1
v15,6118ad8ee236d50188f3cd1b,1,exp,0.5,sentence,G,yes,TN2x2-Exp,Prolific,1
v15,613041ad32f566d195975bab,1,exp,0.666666667,sentence,G,yes,TN2x2-Exp,Prolific,1
v15,62a378da05bc514b69023189,1,exp,0.5,sentence,G,yes,TN2x2-Exp,Prolific,1
v16,5765b92cf96b100001f64c9a,1,exp,0.5,phrase,H,yes,TN2x2-Exp,Prolific,1
v16,5b48f2d0ff7497000125165e,1,exp,0.625,phrase,H,yes,TN2x2-Exp,Prolific,1
v16,5b5a822e1ad8270001c4f28d,1,exp,0.75,phrase,H,yes,TN2x2-Exp,Prolific,1
v16,5b98d9362cca9c0001de161f,1,exp,0.625,phrase,H,yes,TN2x2-Exp,Prolific,1
v16,5cd063ce657e300016f6c95a,1,exp,0.625,phrase,H,yes,TN2x2-Exp,Prolific,1
v16,5d0a5a51a068020001b0c4cb,1,exp,0.25,phrase,H,yes,TN2x2-Exp,Prolific,1
v16,5d4a36e8a61675000169036f,1,exp,0.375,phrase,H,yes,TN2x2-Exp,Prolific,1
v16,5dcc3ec7db13278d75c8622f,1,exp,0.5,phrase,H,yes,TN2x2-Exp,Prolific,1
v16,5dd0098e01fadf0fa6c3a15f,1,exp,0.75,phrase,H,yes,TN2x2-Exp,Prolific,1
v16,5de7d12c26dd95000b6824c5,1,exp,0.375,phrase,H,yes,TN2x2-Exp,Prolific,1
v16,5e6a45499afc710a6a279e37,1,exp,0.75,phrase,H,yes,TN2x2-Exp,Prolific,1
v16,5eb087ed7f6d1e1232690d6a,1,exp,1,phrase,H,yes,TN2x2-Exp,Prolific,1
v16,6012d72452fa5e0a61da2fd9,1,exp,0.625,phrase,H,yes,TN2x2-Exp,Prolific,1
v16,6019bbb66e5c2815ba3728b6,1,exp,1,phrase,H,yes,TN2x2-Exp,Prolific,1
v16,60d13d406f3b34d6791c8831,1,exp,0.625,phrase,H,yes,TN2x2-Exp,Prolific,1
v16,614bbf1e7de43dee7386fe3f,1,exp,0.5,phrase,H,yes,TN2x2-Exp,Prolific,1
v16,615e8d0ac26e9a2f04f94a6f,1,exp,0.5,phrase,H,yes,TN2x2-Exp,Prolific,1
v16,6234866ad5f13fac2a5cf725,1,exp,0.5,phrase,H,yes,TN2x2-Exp,Prolific,1
v16,62a378da05bc514b69023189,1,exp,0.25,phrase,H,yes,TN2x2-Exp,Prolific,1
v16,631a114b543a75e72096fc17,1,exp,1,phrase,H,yes,TN2x2-Exp,Prolific,1
v16,5765b92cf96b100001f64c9a,1,exp,0.333333333,sentence,H,yes,TN2x2-Exp,Prolific,1
v16,5b48f2d0ff7497000125165e,1,exp,0.666666667,sentence,H,yes,TN2x2-Exp,Prolific,1
v16,5b5a822e1ad8270001c4f28d,1,exp,0.5,sentence,H,yes,TN2x2-Exp,Prolific,1
v16,5b98d9362cca9c0001de161f,1,exp,0.833333333,sentence,H,yes,TN2x2-Exp,Prolific,1
v16,5cd063ce657e300016f6c95a,1,exp,0.583333333,sentence,H,yes,TN2x2-Exp,Prolific,1
v16,5d0a5a51a068020001b0c4cb,1,exp,0.416666667,sentence,H,yes,TN2x2-Exp,Prolific,1
v16,5d4a36e8a61675000169036f,1,exp,0.5,sentence,H,yes,TN2x2-Exp,Prolific,1
v16,5dcc3ec7db13278d75c8622f,1,exp,0.333333333,sentence,H,yes,TN2x2-Exp,Prolific,1
v16,5dd0098e01fadf0fa6c3a15f,1,exp,1,sentence,H,yes,TN2x2-Exp,Prolific,1
v16,5de7d12c26dd95000b6824c5,1,exp,0.583333333,sentence,H,yes,TN2x2-Exp,Prolific,1
v16,5e6a45499afc710a6a279e37,1,exp,0.666666667,sentence,H,yes,TN2x2-Exp,Prolific,1
v16,5eb087ed7f6d1e1232690d6a,1,exp,0.5,sentence,H,yes,TN2x2-Exp,Prolific,1
v16,6012d72452fa5e0a61da2fd9,1,exp,0.416666667,sentence,H,yes,TN2x2-Exp,Prolific,1
v16,6019bbb66e5c2815ba3728b6,1,exp,1,sentence,H,yes,TN2x2-Exp,Prolific,1
v16,60d13d406f3b34d6791c8831,1,exp,0.75,sentence,H,yes,TN2x2-Exp,Prolific,1
v16,614bbf1e7de43dee7386fe3f,1,exp,0.416666667,sentence,H,yes,TN2x2-Exp,Prolific,1
v16,615e8d0ac26e9a2f04f94a6f,1,exp,0.5,sentence,H,yes,TN2x2-Exp,Prolific,1
v16,6234866ad5f13fac2a5cf725,1,exp,0.666666667,sentence,H,yes,TN2x2-Exp,Prolific,1
v16,62a378da05bc514b69023189,1,exp,0.666666667,sentence,H,yes,TN2x2-Exp,Prolific,1
v16,631a114b543a75e72096fc17,1,exp,1,sentence,H,yes,TN2x2-Exp,Prolific,1
v17,59235471e937bd0001ca0245,1,exp,0.75,phrase,H,no,TN2x2-Exp,Prolific,1
v17,592c46c1a03e4600010af25f,1,exp,1,phrase,H,no,TN2x2-Exp,Prolific,1
v17,5a0234ab7542890001aa646e,1,exp,0.375,phrase,H,no,TN2x2-Exp,Prolific,1
v17,5d728c6f1c91d40001a4b6ad,1,exp,0.875,phrase,H,no,TN2x2-Exp,Prolific,1
v17,5db65befdbe39d000c5c7fc4,1,exp,1,phrase,H,no,TN2x2-Exp,Prolific,1
v17,5df4892578322533c70aecdf,1,exp,0.5,phrase,H,no,TN2x2-Exp,Prolific,1
v17,5e95116fcd40fa88e616d9d9,1,exp,0.625,phrase,H,no,TN2x2-Exp,Prolific,1
v17,5f765a3c8a6ec010370c9cc1,1,exp,0.75,phrase,H,no,TN2x2-Exp,Prolific,1
v17,5fb2e72ac95e4c9ab7a082da,1,exp,0.5,phrase,H,no,TN2x2-Exp,Prolific,1
v17,5ffe97d636fe8d54580c662e,1,exp,0.375,phrase,H,no,TN2x2-Exp,Prolific,1
v17,60109112b98c813e364bc621,1,exp,0.875,phrase,H,no,TN2x2-Exp,Prolific,1
v17,606cd35c0bb26a795b9cb148,1,exp,0.875,phrase,H,no,TN2x2-Exp,Prolific,1
v17,60f33a0abc722ea24c23ea90,1,exp,0.5,phrase,H,no,TN2x2-Exp,Prolific,1
v17,60fdd1d153b38a0bfe48b972,1,exp,0.375,phrase,H,no,TN2x2-Exp,Prolific,1
v17,61506f90721dcdeca6e77c2d,1,exp,0.875,phrase,H,no,TN2x2-Exp,Prolific,1
v17,6164d593d3783a588b11017b,1,exp,0.5,phrase,H,no,TN2x2-Exp,Prolific,1
v17,62e2bd78c455614849554651,1,exp,0.5,phrase,H,no,TN2x2-Exp,Prolific,1
v17,62f83cb59e7df1ff5d4c5a59,1,exp,0.875,phrase,H,no,TN2x2-Exp,Prolific,1
v17,631d01a7f68770a653242d49,1,exp,1,phrase,H,no,TN2x2-Exp,Prolific,1
v17,6330fc83d2898dddbad50885,1,exp,0.5,phrase,H,no,TN2x2-Exp,Prolific,1
v17,59235471e937bd0001ca0245,1,exp,0.416666667,sentence,H,no,TN2x2-Exp,Prolific,1
v17,592c46c1a03e4600010af25f,1,exp,1,sentence,H,no,TN2x2-Exp,Prolific,1
v17,5a0234ab7542890001aa646e,1,exp,0.416666667,sentence,H,no,TN2x2-Exp,Prolific,1
v17,5d728c6f1c91d40001a4b6ad,1,exp,0.833333333,sentence,H,no,TN2x2-Exp,Prolific,1
v17,5db65befdbe39d000c5c7fc4,1,exp,1,sentence,H,no,TN2x2-Exp,Prolific,1
v17,5df4892578322533c70aecdf,1,exp,0.583333333,sentence,H,no,TN2x2-Exp,Prolific,1
v17,5e95116fcd40fa88e616d9d9,1,exp,0.666666667,sentence,H,no,TN2x2-Exp,Prolific,1
v17,5f765a3c8a6ec010370c9cc1,1,exp,0.166666667,sentence,H,no,TN2x2-Exp,Prolific,1
v17,5fb2e72ac95e4c9ab7a082da,1,exp,0.583333333,sentence,H,no,TN2x2-Exp,Prolific,1
v17,5ffe97d636fe8d54580c662e,1,exp,0.583333333,sentence,H,no,TN2x2-Exp,Prolific,1
v17,60109112b98c813e364bc621,1,exp,0.916666667,sentence,H,no,TN2x2-Exp,Prolific,1
v17,606cd35c0bb26a795b9cb148,1,exp,1,sentence,H,no,TN2x2-Exp,Prolific,1
v17,60f33a0abc722ea24c23ea90,1,exp,0.666666667,sentence,H,no,TN2x2-Exp,Prolific,1
v17,60fdd1d153b38a0bfe48b972,1,exp,0.666666667,sentence,H,no,TN2x2-Exp,Prolific,1
v17,61506f90721dcdeca6e77c2d,1,exp,0.916666667,sentence,H,no,TN2x2-Exp,Prolific,1
v17,6164d593d3783a588b11017b,1,exp,0.166666667,sentence,H,no,TN2x2-Exp,Prolific,1
v17,62e2bd78c455614849554651,1,exp,0.5,sentence,H,no,TN2x2-Exp,Prolific,1
v17,62f83cb59e7df1ff5d4c5a59,1,exp,0.916666667,sentence,H,no,TN2x2-Exp,Prolific,1
v17,631d01a7f68770a653242d49,1,exp,0.833333333,sentence,H,no,TN2x2-Exp,Prolific,1
v17,6330fc83d2898dddbad50885,1,exp,0.5,sentence,H,no,TN2x2-Exp,Prolific,1
v18,5b0dfcef9663ee000145af34,2,exp,1,phrase,H,no,TN2x2-Exp,Prolific,2
v18,5b9fa85b4bca610001d791f3,2,exp,0.375,phrase,H,no,TN2x2-Exp,Prolific,2
v18,5be3cc379ef8f70001c86af1,2,exp,1,phrase,H,no,TN2x2-Exp,Prolific,2
v18,5ccc60abe787e000167f8143,2,exp,0.875,phrase,H,no,TN2x2-Exp,Prolific,2
v18,5cec5281dfb2720019961f4d,2,exp,0.625,phrase,H,no,TN2x2-Exp,Prolific,2
v18,5e649a2aef9fad22148acad3,2,exp,0.875,phrase,H,no,TN2x2-Exp,Prolific,2
v18,5e72cb7f4fabc9222100f9b8,2,exp,0.5,phrase,H,no,TN2x2-Exp,Prolific,2
v18,5e9f4b15daa0ba0ac0d460ea,2,exp,1,phrase,H,no,TN2x2-Exp,Prolific,2
v18,5ed1b2f28a0f691134016817,2,exp,1,phrase,H,no,TN2x2-Exp,Prolific,2
v18,5ef76ff7d195c248bfe25115,2,exp,0.625,phrase,H,no,TN2x2-Exp,Prolific,2
v18,5f4d3cb5fdda0b2c403fb801,2,exp,0.25,phrase,H,no,TN2x2-Exp,Prolific,2
v18,60b1a6ceb8ed805efaa99650,2,exp,1,phrase,H,no,TN2x2-Exp,Prolific,2
v18,6100532c7908d47c93f60c5e,2,exp,0.875,phrase,H,no,TN2x2-Exp,Prolific,2
v18,6101a1b6117210cbfabf75f5,2,exp,1,phrase,H,no,TN2x2-Exp,Prolific,2
v18,612682ec747ac2d5df40f7df,2,exp,0.5,phrase,H,no,TN2x2-Exp,Prolific,2
v18,62fa92c1ef01dd4045549acb,2,exp,0.5,phrase,H,no,TN2x2-Exp,Prolific,2
v18,62fb84322433c8d7e890a145,2,exp,0.25,phrase,H,no,TN2x2-Exp,Prolific,2
v18,62fd42136d0fe24eccb23ec9,2,exp,0.375,phrase,H,no,TN2x2-Exp,Prolific,2
v18,630ae85d349d91251756e24f,2,exp,1,phrase,H,no,TN2x2-Exp,Prolific,2
v18,63254db937c17e8e9200fd54,2,exp,0.375,phrase,H,no,TN2x2-Exp,Prolific,2
v18,5b0dfcef9663ee000145af34,2,exp,1,sentence,H,no,TN2x2-Exp,Prolific,2
v18,5b9fa85b4bca610001d791f3,2,exp,0.416666667,sentence,H,no,TN2x2-Exp,Prolific,2
v18,5be3cc379ef8f70001c86af1,2,exp,1,sentence,H,no,TN2x2-Exp,Prolific,2
v18,5ccc60abe787e000167f8143,2,exp,1,sentence,H,no,TN2x2-Exp,Prolific,2
v18,5cec5281dfb2720019961f4d,2,exp,0.666666667,sentence,H,no,TN2x2-Exp,Prolific,2
v18,5e649a2aef9fad22148acad3,2,exp,0.583333333,sentence,H,no,TN2x2-Exp,Prolific,2
v18,5e72cb7f4fabc9222100f9b8,2,exp,0.5,sentence,H,no,TN2x2-Exp,Prolific,2
v18,5e9f4b15daa0ba0ac0d460ea,2,exp,1,sentence,H,no,TN2x2-Exp,Prolific,2
v18,5ed1b2f28a0f691134016817,2,exp,1,sentence,H,no,TN2x2-Exp,Prolific,2
v18,5ef76ff7d195c248bfe25115,2,exp,0.583333333,sentence,H,no,TN2x2-Exp,Prolific,2
v18,5f4d3cb5fdda0b2c403fb801,2,exp,0.083333333,sentence,H,no,TN2x2-Exp,Prolific,2
v18,60b1a6ceb8ed805efaa99650,2,exp,0.5,sentence,H,no,TN2x2-Exp,Prolific,2
v18,6100532c7908d47c93f60c5e,2,exp,0.833333333,sentence,H,no,TN2x2-Exp,Prolific,2
v18,6101a1b6117210cbfabf75f5,2,exp,1,sentence,H,no,TN2x2-Exp,Prolific,2
v18,612682ec747ac2d5df40f7df,2,exp,0.666666667,sentence,H,no,TN2x2-Exp,Prolific,2
v18,62fa92c1ef01dd4045549acb,2,exp,0.583333333,sentence,H,no,TN2x2-Exp,Prolific,2
v18,62fb84322433c8d7e890a145,2,exp,0.5,sentence,H,no,TN2x2-Exp,Prolific,2
v18,62fd42136d0fe24eccb23ec9,2,exp,0.5,sentence,H,no,TN2x2-Exp,Prolific,2
v18,630ae85d349d91251756e24f,2,exp,0.666666667,sentence,H,no,TN2x2-Exp,Prolific,2
v18,63254db937c17e8e9200fd54,2,exp,0.916666667,sentence,H,no,TN2x2-Exp,Prolific,2
v18_2,53c04378fdf99b360e022d92,2,exp,0.375,phrase,H,no,TN2x2-Exp,Prolific,2
v18_2,591d427a1c6d600001aafb85,2,exp,0.75,phrase,H,no,TN2x2-Exp,Prolific,2
v18_2,5eda5ad7cee6c16590433514,2,exp,0.875,phrase,H,no,TN2x2-Exp,Prolific,2
v18_2,5eeeb45360a44437a971aebc,2,exp,0.5,phrase,H,no,TN2x2-Exp,Prolific,2
v18_2,5efef32a88bb6a01c8087591,2,exp,1,phrase,H,no,TN2x2-Exp,Prolific,2
v18_2,5f43bc1a539a9d64c97bdc41,2,exp,0.625,phrase,H,no,TN2x2-Exp,Prolific,2
v18_2,606492360e422d12dc63000e,2,exp,0.75,phrase,H,no,TN2x2-Exp,Prolific,2
v18_2,60da7907f703c1b473bdc28f,2,exp,0.5,phrase,H,no,TN2x2-Exp,Prolific,2
v18_2,60e609da2d6d4ebe291bcbaf,2,exp,0.625,phrase,H,no,TN2x2-Exp,Prolific,2
v18_2,6103adf779d6468e50941433,2,exp,0.5,phrase,H,no,TN2x2-Exp,Prolific,2
v18_2,6110c73b348fae89ebb223f3,2,exp,0.75,phrase,H,no,TN2x2-Exp,Prolific,2
v18_2,62f975cbc3507ecf77180d00,2,exp,0.875,phrase,H,no,TN2x2-Exp,Prolific,2
v18_2,63026a8fd8429b224cd2a134,2,exp,0.625,phrase,H,no,TN2x2-Exp,Prolific,2
v18_2,63d42387aba51e699ab9ce5c,2,exp,0.625,phrase,H,no,TN2x2-Exp,Prolific,2
v18_2,63d44472a72a227e0fef6bdc,2,exp,0.375,phrase,H,no,TN2x2-Exp,Prolific,2
v18_2,63dd3dd2593c92be97d8dbde,2,exp,0.5,phrase,H,no,TN2x2-Exp,Prolific,2
v18_2,63de5e4eddb36904dec1d846,2,exp,0.625,phrase,H,no,TN2x2-Exp,Prolific,2
v18_2,63ed0065eb23ac3ee1726453,2,exp,0.625,phrase,H,no,TN2x2-Exp,Prolific,2
v18_2,6400dc9f84ed19aeedc1a2cc,2,exp,1,phrase,H,no,TN2x2-Exp,Prolific,2
v18_2,64143c6c286640f3d1348cf8,2,exp,0.625,phrase,H,no,TN2x2-Exp,Prolific,2
v18_2,53c04378fdf99b360e022d92,2,exp,0.833333333,sentence,H,no,TN2x2-Exp,Prolific,2
v18_2,591d427a1c6d600001aafb85,2,exp,0.5,sentence,H,no,TN2x2-Exp,Prolific,2
v18_2,5eda5ad7cee6c16590433514,2,exp,0.666666667,sentence,H,no,TN2x2-Exp,Prolific,2
v18_2,5eeeb45360a44437a971aebc,2,exp,0.583333333,sentence,H,no,TN2x2-Exp,Prolific,2
v18_2,5efef32a88bb6a01c8087591,2,exp,1,sentence,H,no,TN2x2-Exp,Prolific,2
v18_2,5f43bc1a539a9d64c97bdc41,2,exp,0.416666667,sentence,H,no,TN2x2-Exp,Prolific,2
v18_2,606492360e422d12dc63000e,2,exp,0.666666667,sentence,H,no,TN2x2-Exp,Prolific,2
v18_2,60da7907f703c1b473bdc28f,2,exp,0.333333333,sentence,H,no,TN2x2-Exp,Prolific,2
v18_2,60e609da2d6d4ebe291bcbaf,2,exp,0.5,sentence,H,no,TN2x2-Exp,Prolific,2
v18_2,6103adf779d6468e50941433,2,exp,0.583333333,sentence,H,no,TN2x2-Exp,Prolific,2
v18_2,6110c73b348fae89ebb223f3,2,exp,0.666666667,sentence,H,no,TN2x2-Exp,Prolific,2
v18_2,62f975cbc3507ecf77180d00,2,exp,0.833333333,sentence,H,no,TN2x2-Exp,Prolific,2
v18_2,63026a8fd8429b224cd2a134,2,exp,0.416666667,sentence,H,no,TN2x2-Exp,Prolific,2
v18_2,63d42387aba51e699ab9ce5c,2,exp,0.583333333,sentence,H,no,TN2x2-Exp,Prolific,2
v18_2,63d44472a72a227e0fef6bdc,2,exp,0.333333333,sentence,H,no,TN2x2-Exp,Prolific,2
v18_2,63dd3dd2593c92be97d8dbde,2,exp,0.333333333,sentence,H,no,TN2x2-Exp,Prolific,2
v18_2,63de5e4eddb36904dec1d846,2,exp,0.5,sentence,H,no,TN2x2-Exp,Prolific,2
v18_2,63ed0065eb23ac3ee1726453,2,exp,0.333333333,sentence,H,no,TN2x2-Exp,Prolific,2
v18_2,6400dc9f84ed19aeedc1a2cc,2,exp,1,sentence,H,no,TN2x2-Exp,Prolific,2
v18_2,64143c6c286640f3d1348cf8,2,exp,0.583333333,sentence,H,no,TN2x2-Exp,Prolific,2
v19,5c663cd56fdc87000162e255,2,exp,0.25,phrase,H,yes,TN2x2-Exp,Prolific,2
v19,5c673574bd58280001b4e850,2,exp,0.375,phrase,H,yes,TN2x2-Exp,Prolific,2
v19,5cd1bd99447a9a001785f38f,2,exp,0.875,phrase,H,yes,TN2x2-Exp,Prolific,2
v19,5cf531a9d8b79300013b83c9,2,exp,1,phrase,H,yes,TN2x2-Exp,Prolific,2
v19,5d3df9b23bf3780015abf56f,2,exp,0.625,phrase,H,yes,TN2x2-Exp,Prolific,2
v19,5e55a1163a9e8c5a1c8edba1,2,exp,0.875,phrase,H,yes,TN2x2-Exp,Prolific,2
v19,5e59ee3a2bff541fcf05d86e,2,exp,0.75,phrase,H,yes,TN2x2-Exp,Prolific,2
v19,5e70bf61017e070009a8a738,2,exp,0.875,phrase,H,yes,TN2x2-Exp,Prolific,2
v19,5f99e3031e4f740c4a2f6cbc,2,exp,0.75,phrase,H,yes,TN2x2-Exp,Prolific,2
v19,5fac6ee640abdb24af81a054,2,exp,0.75,phrase,H,yes,TN2x2-Exp,Prolific,2
v19,60fdadec3b1a065b655980a1,2,exp,0.375,phrase,H,yes,TN2x2-Exp,Prolific,2
v19,610a8b75ec5600f95b8b1c12,2,exp,0.25,phrase,H,yes,TN2x2-Exp,Prolific,2
v19,611145d764f3f83ee48ae655,2,exp,0.5,phrase,H,yes,TN2x2-Exp,Prolific,2
v19,6133e9057623b83440e152e8,2,exp,0.875,phrase,H,yes,TN2x2-Exp,Prolific,2
v19,615f598df06d6fab3adc843c,2,exp,0.5,phrase,H,yes,TN2x2-Exp,Prolific,2
v19,62ec3d6c5a882ff93a4af5b3,2,exp,0.5,phrase,H,yes,TN2x2-Exp,Prolific,2
v19,62ed7ba7a109290a0e53dc95,2,exp,0.75,phrase,H,yes,TN2x2-Exp,Prolific,2
v19,631f85afdd50c5016b92b367,2,exp,1,phrase,H,yes,TN2x2-Exp,Prolific,2
v19,63239ff05c372a3f18a6d8c8,2,exp,0.625,phrase,H,yes,TN2x2-Exp,Prolific,2
v19,634afd4c2eaebb67054b52fb,2,exp,1,phrase,H,yes,TN2x2-Exp,Prolific,2
v19,5c663cd56fdc87000162e255,2,exp,0.5,sentence,H,yes,TN2x2-Exp,Prolific,2
v19,5c673574bd58280001b4e850,2,exp,0.583333333,sentence,H,yes,TN2x2-Exp,Prolific,2
v19,5cd1bd99447a9a001785f38f,2,exp,0.75,sentence,H,yes,TN2x2-Exp,Prolific,2
v19,5cf531a9d8b79300013b83c9,2,exp,1,sentence,H,yes,TN2x2-Exp,Prolific,2
v19,5d3df9b23bf3780015abf56f,2,exp,0.666666667,sentence,H,yes,TN2x2-Exp,Prolific,2
v19,5e55a1163a9e8c5a1c8edba1,2,exp,0.416666667,sentence,H,yes,TN2x2-Exp,Prolific,2
v19,5e59ee3a2bff541fcf05d86e,2,exp,0.583333333,sentence,H,yes,TN2x2-Exp,Prolific,2
v19,5e70bf61017e070009a8a738,2,exp,0.583333333,sentence,H,yes,TN2x2-Exp,Prolific,2
v19,5f99e3031e4f740c4a2f6cbc,2,exp,0.5,sentence,H,yes,TN2x2-Exp,Prolific,2
v19,5fac6ee640abdb24af81a054,2,exp,0.666666667,sentence,H,yes,TN2x2-Exp,Prolific,2
v19,60fdadec3b1a065b655980a1,2,exp,0.5,sentence,H,yes,TN2x2-Exp,Prolific,2
v19,610a8b75ec5600f95b8b1c12,2,exp,0.333333333,sentence,H,yes,TN2x2-Exp,Prolific,2
v19,611145d764f3f83ee48ae655,2,exp,0.5,sentence,H,yes,TN2x2-Exp,Prolific,2
v19,6133e9057623b83440e152e8,2,exp,0.583333333,sentence,H,yes,TN2x2-Exp,Prolific,2
v19,615f598df06d6fab3adc843c,2,exp,0.333333333,sentence,H,yes,TN2x2-Exp,Prolific,2
v19,62ec3d6c5a882ff93a4af5b3,2,exp,0.25,sentence,H,yes,TN2x2-Exp,Prolific,2
v19,62ed7ba7a109290a0e53dc95,2,exp,0.666666667,sentence,H,yes,TN2x2-Exp,Prolific,2
v19,631f85afdd50c5016b92b367,2,exp,1,sentence,H,yes,TN2x2-Exp,Prolific,2
v19,63239ff05c372a3f18a6d8c8,2,exp,0.583333333,sentence,H,yes,TN2x2-Exp,Prolific,2
v19,634afd4c2eaebb67054b52fb,2,exp,0.916666667,sentence,H,yes,TN2x2-Exp,Prolific,2
v20,5a08663b3b6dfc0001445abe,2,exp,0.875,phrase,F,no,TN2x2-Exp,Prolific,2
v20,5c6c7ec01e50ec000147b635,2,exp,0.625,phrase,F,no,TN2x2-Exp,Prolific,2
v20,5cf551508926360018a5e9ff,2,exp,0.625,phrase,F,no,TN2x2-Exp,Prolific,2
v20,5ec03a7169738f43d87ffc72,2,exp,0.625,phrase,F,no,TN2x2-Exp,Prolific,2
v20,5f5171f781da7d3c0aa7024b,2,exp,0.75,phrase,F,no,TN2x2-Exp,Prolific,2
v20,5f7e6f9c1212c514f9437e3a,2,exp,0.875,phrase,F,no,TN2x2-Exp,Prolific,2
v20,5fa3fa322157a505a0c9223f,2,exp,0.5,phrase,F,no,TN2x2-Exp,Prolific,2
v20,5fb0a3d6a8e4224b973e750b,2,exp,0.75,phrase,F,no,TN2x2-Exp,Prolific,2
v20,5fe4fe5e1f2ef92c57804349,2,exp,0.875,phrase,F,no,TN2x2-Exp,Prolific,2
v20,6019a7211839d5112bf03628,2,exp,0.5,phrase,F,no,TN2x2-Exp,Prolific,2
v20,610078b9dd024c33d28e453a,2,exp,0.75,phrase,F,no,TN2x2-Exp,Prolific,2
v20,6101e499ac7d004c98a3afea,2,exp,0.875,phrase,F,no,TN2x2-Exp,Prolific,2
v20,6109e5a0f7755d8fcba8b50c,2,exp,0.875,phrase,F,no,TN2x2-Exp,Prolific,2
v20,61254fba095b9df425e816ea,2,exp,0.75,phrase,F,no,TN2x2-Exp,Prolific,2
v20,6154a88b71a7f4347658b0f7,2,exp,0.625,phrase,F,no,TN2x2-Exp,Prolific,2
v20,62b20c0065e9809e66d13fa5,2,exp,0.5,phrase,F,no,TN2x2-Exp,Prolific,2
v20,62d43cee3d60ac98c1dcacc8,2,exp,0.625,phrase,F,no,TN2x2-Exp,Prolific,2
v20,63127690860023ab6b50a0b2,2,exp,0.375,phrase,F,no,TN2x2-Exp,Prolific,2
v20,6312c7a256366f293e745218,2,exp,0.625,phrase,F,no,TN2x2-Exp,Prolific,2
v20,633b82ab54af035c569082fb,2,exp,0.625,phrase,F,no,TN2x2-Exp,Prolific,2
v20,5a08663b3b6dfc0001445abe,2,exp,0.75,sentence,F,no,TN2x2-Exp,Prolific,2
v20,5c6c7ec01e50ec000147b635,2,exp,0.416666667,sentence,F,no,TN2x2-Exp,Prolific,2
v20,5cf551508926360018a5e9ff,2,exp,0.75,sentence,F,no,TN2x2-Exp,Prolific,2
v20,5ec03a7169738f43d87ffc72,2,exp,0.25,sentence,F,no,TN2x2-Exp,Prolific,2
v20,5f5171f781da7d3c0aa7024b,2,exp,0.5,sentence,F,no,TN2x2-Exp,Prolific,2
v20,5f7e6f9c1212c514f9437e3a,2,exp,0.333333333,sentence,F,no,TN2x2-Exp,Prolific,2
v20,5fa3fa322157a505a0c9223f,2,exp,0.5,sentence,F,no,TN2x2-Exp,Prolific,2
v20,5fb0a3d6a8e4224b973e750b,2,exp,0.583333333,sentence,F,no,TN2x2-Exp,Prolific,2
v20,5fe4fe5e1f2ef92c57804349,2,exp,0.75,sentence,F,no,TN2x2-Exp,Prolific,2
v20,6019a7211839d5112bf03628,2,exp,0.5,sentence,F,no,TN2x2-Exp,Prolific,2
v20,610078b9dd024c33d28e453a,2,exp,0.083333333,sentence,F,no,TN2x2-Exp,Prolific,2
v20,6101e499ac7d004c98a3afea,2,exp,0.666666667,sentence,F,no,TN2x2-Exp,Prolific,2
v20,6109e5a0f7755d8fcba8b50c,2,exp,0.75,sentence,F,no,TN2x2-Exp,Prolific,2
v20,61254fba095b9df425e816ea,2,exp,0.166666667,sentence,F,no,TN2x2-Exp,Prolific,2
v20,6154a88b71a7f4347658b0f7,2,exp,0.666666667,sentence,F,no,TN2x2-Exp,Prolific,2
v20,62b20c0065e9809e66d13fa5,2,exp,0.333333333,sentence,F,no,TN2x2-Exp,Prolific,2
v20,62d43cee3d60ac98c1dcacc8,2,exp,0.333333333,sentence,F,no,TN2x2-Exp,Prolific,2
v20,63127690860023ab6b50a0b2,2,exp,0.5,sentence,F,no,TN2x2-Exp,Prolific,2
v20,6312c7a256366f293e745218,2,exp,0.5,sentence,F,no,TN2x2-Exp,Prolific,2
v20,633b82ab54af035c569082fb,2,exp,0.416666667,sentence,F,no,TN2x2-Exp,Prolific,2
v20_2,5b5955e7f2333f00013176b2,2,exp,0.5,phrase,F,no,TN2x2-Exp,Prolific,2
v20_2,5c19fb6a0ad1190001b7322b,2,exp,1,phrase,F,no,TN2x2-Exp,Prolific,2
v20_2,5c3848fc19ceb400010c24a0,2,exp,0.625,phrase,F,no,TN2x2-Exp,Prolific,2
v20_2,5d6513f46f5284000118ef1d,2,exp,0.875,phrase,F,no,TN2x2-Exp,Prolific,2
v20_2,5efebc57a352be3d0dff46a7,2,exp,0.625,phrase,F,no,TN2x2-Exp,Prolific,2
v20_2,5f3ea301ce0b340fbb67f607,2,exp,0.625,phrase,F,no,TN2x2-Exp,Prolific,2
v20_2,6018a5c0e1600b187ccb8693,2,exp,0.625,phrase,F,no,TN2x2-Exp,Prolific,2
v20_2,60255901704fd208ecdcf32b,2,exp,0.375,phrase,F,no,TN2x2-Exp,Prolific,2
v20_2,602fd11faa844cd2d0fd5818,2,exp,0.75,phrase,F,no,TN2x2-Exp,Prolific,2
v20_2,60aaee25bd79f004d4d2fe3c,2,exp,0.25,phrase,F,no,TN2x2-Exp,Prolific,2
v20_2,60d3f9b634e76f8f4b911ad6,2,exp,0.75,phrase,F,no,TN2x2-Exp,Prolific,2
v20_2,60fec1da5bdb3b271c9b1bb6,2,exp,0.625,phrase,F,no,TN2x2-Exp,Prolific,2
v20_2,61103c2b7810420e5f23f437,2,exp,0.5,phrase,F,no,TN2x2-Exp,Prolific,2
v20_2,613cf3d42de25ee7fb536163,2,exp,0.625,phrase,F,no,TN2x2-Exp,Prolific,2
v20_2,6307a60f9142d2c42021840d,2,exp,1,phrase,F,no,TN2x2-Exp,Prolific,2
v20_2,63619eb02e5bd8f4f7bd138a,2,exp,0.75,phrase,F,no,TN2x2-Exp,Prolific,2
v20_2,63d7ab31b392696900786d31,2,exp,0.75,phrase,F,no,TN2x2-Exp,Prolific,2
v20_2,6400f6cc707e23f68a94758a,2,exp,0.75,phrase,F,no,TN2x2-Exp,Prolific,2
v20_2,645d7d1893a9f43011d5acf8,2,exp,0.625,phrase,F,no,TN2x2-Exp,Prolific,2
v20_2,646633f7c6264a9a636042d8,2,exp,0.125,phrase,F,no,TN2x2-Exp,Prolific,2
v20_2,5b5955e7f2333f00013176b2,2,exp,0.75,sentence,F,no,TN2x2-Exp,Prolific,2
v20_2,5c19fb6a0ad1190001b7322b,2,exp,1,sentence,F,no,TN2x2-Exp,Prolific,2
v20_2,5c3848fc19ceb400010c24a0,2,exp,0.583333333,sentence,F,no,TN2x2-Exp,Prolific,2
v20_2,5d6513f46f5284000118ef1d,2,exp,0.75,sentence,F,no,TN2x2-Exp,Prolific,2
v20_2,5efebc57a352be3d0dff46a7,2,exp,0.5,sentence,F,no,TN2x2-Exp,Prolific,2
v20_2,5f3ea301ce0b340fbb67f607,2,exp,0.583333333,sentence,F,no,TN2x2-Exp,Prolific,2
v20_2,6018a5c0e1600b187ccb8693,2,exp,0.5,sentence,F,no,TN2x2-Exp,Prolific,2
v20_2,60255901704fd208ecdcf32b,2,exp,0.166666667,sentence,F,no,TN2x2-Exp,Prolific,2
v20_2,602fd11faa844cd2d0fd5818,2,exp,0.5,sentence,F,no,TN2x2-Exp,Prolific,2
v20_2,60aaee25bd79f004d4d2fe3c,2,exp,0.5,sentence,F,no,TN2x2-Exp,Prolific,2
v20_2,60d3f9b634e76f8f4b911ad6,2,exp,0.416666667,sentence,F,no,TN2x2-Exp,Prolific,2
v20_2,60fec1da5bdb3b271c9b1bb6,2,exp,0.5,sentence,F,no,TN2x2-Exp,Prolific,2
v20_2,61103c2b7810420e5f23f437,2,exp,0.583333333,sentence,F,no,TN2x2-Exp,Prolific,2
v20_2,613cf3d42de25ee7fb536163,2,exp,0.166666667,sentence,F,no,TN2x2-Exp,Prolific,2
v20_2,6307a60f9142d2c42021840d,2,exp,1,sentence,F,no,TN2x2-Exp,Prolific,2
v20_2,63619eb02e5bd8f4f7bd138a,2,exp,0.583333333,sentence,F,no,TN2x2-Exp,Prolific,2
v20_2,63d7ab31b392696900786d31,2,exp,0.583333333,sentence,F,no,TN2x2-Exp,Prolific,2
v20_2,6400f6cc707e23f68a94758a,2,exp,0.5,sentence,F,no,TN2x2-Exp,Prolific,2
v20_2,645d7d1893a9f43011d5acf8,2,exp,0.666666667,sentence,F,no,TN2x2-Exp,Prolific,2
v20_2,646633f7c6264a9a636042d8,2,exp,0.75,sentence,F,no,TN2x2-Exp,Prolific,2
v21,5b7d518d1e35f0000173153c,2,control,0.625,phrase,,,TN2x2-Ctl,Prolific,2
v21,5b7d518d1e35f0000173153c,2,control,0.666666667,sentence,,,TN2x2-Ctl,Prolific,2
v21,5cf91ace3bb7c4000162318c,2,control,0.5,phrase,,,TN2x2-Ctl,Prolific,2
v21,5cf91ace3bb7c4000162318c,2,control,0.5,sentence,,,TN2x2-Ctl,Prolific,2
v21,5e1f938b06121f2be0d1ead4,2,control,0.75,phrase,,,TN2x2-Ctl,Prolific,2
v21,5e1f938b06121f2be0d1ead4,2,control,0.5,sentence,,,TN2x2-Ctl,Prolific,2
v21_2,5e217a34e8ff3a469b5dfebc,2,control,0.375,phrase,,,TN2x2-Ctl,Prolific,2
v21_2,5e217a34e8ff3a469b5dfebc,2,control,0.083333333,sentence,,,TN2x2-Ctl,Prolific,2
v21_2,5ebcada11ac87310b16fe61b,2,control,0.75,phrase,,,TN2x2-Ctl,Prolific,2
v21_2,5ebcada11ac87310b16fe61b,2,control,0.416666667,sentence,,,TN2x2-Ctl,Prolific,2
v21,5ee1be444c9d75206ce5aa92,2,control,0.75,phrase,,,TN2x2-Ctl,Prolific,2
v21,5ee1be444c9d75206ce5aa92,2,control,0.5,sentence,,,TN2x2-Ctl,Prolific,2
v21_2,5f820184fead31302b6c37be,2,control,0.625,phrase,,,TN2x2-Ctl,Prolific,2
v21_2,5f820184fead31302b6c37be,2,control,0.333333333,sentence,,,TN2x2-Ctl,Prolific,2
v21,5fa9fffcf843322ce7456283,2,control,0.375,phrase,,,TN2x2-Ctl,Prolific,2
v21,5fa9fffcf843322ce7456283,2,control,0.333333333,sentence,,,TN2x2-Ctl,Prolific,2
v21,5fc8b93dbbf1d3268e5a8517,2,control,0.875,phrase,,,TN2x2-Ctl,Prolific,2
v21,5fc8b93dbbf1d3268e5a8517,2,control,0.416666667,sentence,,,TN2x2-Ctl,Prolific,2
v21_2,6005bd9312ce1b86225d2856,2,control,0.25,phrase,,,TN2x2-Ctl,Prolific,2
v21_2,6005bd9312ce1b86225d2856,2,control,0.583333333,sentence,,,TN2x2-Ctl,Prolific,2
v21_2,60186b7c5524a20fcb8ececc,2,control,0.875,phrase,,,TN2x2-Ctl,Prolific,2
v21_2,60186b7c5524a20fcb8ececc,2,control,1,sentence,,,TN2x2-Ctl,Prolific,2
v21_2,601c73af332e2d7ce9b9fe77,2,control,0.5,phrase,,,TN2x2-Ctl,Prolific,2
v21_2,601c73af332e2d7ce9b9fe77,2,control,0.416666667,sentence,,,TN2x2-Ctl,Prolific,2
v21_2,6074f9259206bee52b6bc013,2,control,0.875,phrase,,,TN2x2-Ctl,Prolific,2
v21_2,6074f9259206bee52b6bc013,2,control,0.666666667,sentence,,,TN2x2-Ctl,Prolific,2
v21,607757d0b168a54ab3e3a334,2,control,0.375,phrase,,,TN2x2-Ctl,Prolific,2
v21,607757d0b168a54ab3e3a334,2,control,0.5,sentence,,,TN2x2-Ctl,Prolific,2
v21,608209b96e955ba5201eff25,2,control,0.875,phrase,,,TN2x2-Ctl,Prolific,2
v21,608209b96e955ba5201eff25,2,control,0.916666667,sentence,,,TN2x2-Ctl,Prolific,2
v21_2,60b54159cb5a465d22586cf8,2,control,0.5,phrase,,,TN2x2-Ctl,Prolific,2
v21_2,60b54159cb5a465d22586cf8,2,control,0.5,sentence,,,TN2x2-Ctl,Prolific,2
v21,60d13d406f3b34d6791c8831,2,control,0.75,phrase,,,TN2x2-Ctl,Prolific,2
v21,60d13d406f3b34d6791c8831,2,control,0.833333333,sentence,,,TN2x2-Ctl,Prolific,2
v21_2,60d432ce6e413e7509dd4b78,2,control,0.5,phrase,,,TN2x2-Ctl,Prolific,2
v21_2,60d432ce6e413e7509dd4b78,2,control,0.416666667,sentence,,,TN2x2-Ctl,Prolific,2
v21_2,60fcdd3be2ae9576df065728,2,control,0.5,phrase,,,TN2x2-Ctl,Prolific,2
v21_2,60fcdd3be2ae9576df065728,2,control,0.833333333,sentence,,,TN2x2-Ctl,Prolific,2
v21_2,60fd1a7e71e7c67d91f14121,2,control,0.625,phrase,,,TN2x2-Ctl,Prolific,2
v21_2,60fd1a7e71e7c67d91f14121,2,control,0.333333333,sentence,,,TN2x2-Ctl,Prolific,2
v21,60fdc76f6dce2fbd7fefeb0e,2,control,0.375,phrase,,,TN2x2-Ctl,Prolific,2
v21,60fdc76f6dce2fbd7fefeb0e,2,control,0.25,sentence,,,TN2x2-Ctl,Prolific,2
v21,610096eaf97d465d5890b615,2,control,0.875,phrase,,,TN2x2-Ctl,Prolific,2
v21,610096eaf97d465d5890b615,2,control,0.833333333,sentence,,,TN2x2-Ctl,Prolific,2
v21_2,610840262cce4d0594be48d0,2,control,0.875,phrase,,,TN2x2-Ctl,Prolific,2
v21_2,610840262cce4d0594be48d0,2,control,0.75,sentence,,,TN2x2-Ctl,Prolific,2
v21_2,6113a1bd2592fc45dff695a2,2,control,0.75,phrase,,,TN2x2-Ctl,Prolific,2
v21_2,6113a1bd2592fc45dff695a2,2,control,0.5,sentence,,,TN2x2-Ctl,Prolific,2
v21_2,6125eca03b2cfbbe2e6a88cd,2,control,0.625,phrase,,,TN2x2-Ctl,Prolific,2
v21_2,6125eca03b2cfbbe2e6a88cd,2,control,0.75,sentence,,,TN2x2-Ctl,Prolific,2
v21_2,6282571cf39cd89341a474e9,2,control,0.375,phrase,,,TN2x2-Ctl,Prolific,2
v21_2,6282571cf39cd89341a474e9,2,control,0.5,sentence,,,TN2x2-Ctl,Prolific,2
v21,62877d5f6a054e53313ac916,2,control,0.625,phrase,,,TN2x2-Ctl,Prolific,2
v21,62877d5f6a054e53313ac916,2,control,0.583333333,sentence,,,TN2x2-Ctl,Prolific,2
v21_2,62ebf4145a474bfa96e58189,2,control,0.5,phrase,,,TN2x2-Ctl,Prolific,2
v21_2,62ebf4145a474bfa96e58189,2,control,0.333333333,sentence,,,TN2x2-Ctl,Prolific,2
v21,62f20c2e4032c85e3fe9c2cc,2,control,0.125,phrase,,,TN2x2-Ctl,Prolific,2
v21,62f20c2e4032c85e3fe9c2cc,2,control,0.25,sentence,,,TN2x2-Ctl,Prolific,2
v21,631c8e97db06f601f81bd82f,2,control,0.75,phrase,,,TN2x2-Ctl,Prolific,2
v21,631c8e97db06f601f81bd82f,2,control,0.333333333,sentence,,,TN2x2-Ctl,Prolific,2
v21,63403b7f3fd164408c5ad4b0,2,control,0.75,phrase,,,TN2x2-Ctl,Prolific,2
v21,63403b7f3fd164408c5ad4b0,2,control,0.5,sentence,,,TN2x2-Ctl,Prolific,2
v21,6369dd3bd6a643dc7b42ce62,2,control,0.75,phrase,,,TN2x2-Ctl,Prolific,2
v21,6369dd3bd6a643dc7b42ce62,2,control,0.583333333,sentence,,,TN2x2-Ctl,Prolific,2
v21,63d086f89f695e2d3c210e9f,2,control,0.375,phrase,,,TN2x2-Ctl,Prolific,2
v21,63d086f89f695e2d3c210e9f,2,control,0.583333333,sentence,,,TN2x2-Ctl,Prolific,2
v21,63d13e1ef5f97ea9865523c7,2,control,0.75,phrase,,,TN2x2-Ctl,Prolific,2
v21,63d13e1ef5f97ea9865523c7,2,control,0.25,sentence,,,TN2x2-Ctl,Prolific,2
v21_2,63d6c86752a95585befe850a,2,control,0.75,phrase,,,TN2x2-Ctl,Prolific,2
v21_2,63d6c86752a95585befe850a,2,control,0.75,sentence,,,TN2x2-Ctl,Prolific,2
v21,63d80145d2f0da3ee6a8d523,2,control,0.625,phrase,,,TN2x2-Ctl,Prolific,2
v21,63d80145d2f0da3ee6a8d523,2,control,0.5,sentence,,,TN2x2-Ctl,Prolific,2
v21,63e51e528df11f83a1aacab8,2,control,0.875,phrase,,,TN2x2-Ctl,Prolific,2
v21,63e51e528df11f83a1aacab8,2,control,0.583333333,sentence,,,TN2x2-Ctl,Prolific,2
v21_2,6452718b6815fb279ef7098f,2,control,0.875,phrase,,,TN2x2-Ctl,Prolific,2
v21_2,6452718b6815fb279ef7098f,2,control,0.5,sentence,,,TN2x2-Ctl,Prolific,2
v21_2,6460e03469b66d216cd78503,2,control,0.625,phrase,,,TN2x2-Ctl,Prolific,2
v21_2,6460e03469b66d216cd78503,2,control,0.583333333,sentence,,,TN2x2-Ctl,Prolific,2
v21_2,6474a222402a551aa963048b,2,control,0.25,phrase,,,TN2x2-Ctl,Prolific,2
v21_2,6474a222402a551aa963048b,2,control,0.666666667,sentence,,,TN2x2-Ctl,Prolific,2
v4, 5fc951a3fa107d0fcee036e9,1,exp,1,phrase,B,yes,TN2x2-Exp,Prolific,2
v4,5588c94afdf99b304ee5652b,1,ctl,0.625,phrase,B,yes,TN2x2-Exp,Prolific,2
v4,5588c94afdf99b304ee5652b,2,ctl,0.625,phrase,B,yes,TN2x2-Exp,Prolific,2
v4,5588dec4fdf99b304ee569a8,1,ctl,0.625,phrase,B,yes,TN2x2-Exp,Prolific,2
v4,5588dec4fdf99b304ee569a8,2,ctl,0.5,phrase,B,yes,TN2x2-Exp,Prolific,2
v4,55ae64defdf99b3f864653e7,1,exp,0.875,phrase,B,yes,TN2x2-Exp,Prolific,2
v4,55ae64defdf99b3f864653e7,2,exp,0.75,phrase,B,yes,TN2x2-Exp,Prolific,2
v4,587418895c17910001ea4e75,1,exp,0.375,phrase,B,yes,TN2x2-Exp,Prolific,2
v4,587418895c17910001ea4e75,2,exp,0.5,phrase,B,yes,TN2x2-Exp,Prolific,2
v4,59498b4638e39c00012807fa,1,ctl,0.25,phrase,B,yes,TN2x2-Exp,Prolific,2
v4,59498b4638e39c00012807fa,2,ctl,0.5,phrase,B,yes,TN2x2-Exp,Prolific,2
v4,599a75746b939900012da22b,1,ctl,0.875,phrase,B,yes,TN2x2-Exp,Prolific,2
v4,599a75746b939900012da22b,2,ctl,0.5,phrase,B,yes,TN2x2-Exp,Prolific,2
v4,5a9c44d2f05361000172055b,1,exp,1,phrase,B,yes,TN2x2-Exp,Prolific,2
v4,5a9c44d2f05361000172055b,2,exp,1,phrase,B,yes,TN2x2-Exp,Prolific,2
v4,5bad8fc39c0cc900017a6a28,1,exp,0.375,phrase,B,yes,TN2x2-Exp,Prolific,2
v4,5bad8fc39c0cc900017a6a28,2,exp,0.625,phrase,B,yes,TN2x2-Exp,Prolific,2
v4,5bc640334b3be500012d36aa,1,ctl,0.75,phrase,B,yes,TN2x2-Exp,Prolific,2
v4,5bc640334b3be500012d36aa,2,ctl,1,phrase,B,yes,TN2x2-Exp,Prolific,2
v4,5c31921e43b64d000171d238,1,ctl,0.875,phrase,B,yes,TN2x2-Exp,Prolific,2
v4,5c31921e43b64d000171d238,2,ctl,0.75,phrase,B,yes,TN2x2-Exp,Prolific,2
v4,5c31a31343b64d000171d735,1,ctl,0.625,phrase,B,yes,TN2x2-Exp,Prolific,2
v4,5c31a31343b64d000171d735,2,ctl,0.75,phrase,B,yes,TN2x2-Exp,Prolific,2
v4,5cb1f7e7ed80920015be22b3,1,exp,1,phrase,B,yes,TN2x2-Exp,Prolific,2
v4,5cb1f7e7ed80920015be22b3,2,exp,1,phrase,B,yes,TN2x2-Exp,Prolific,2
v4,5d3224818088eb0017fee542,1,ctl,0.25,phrase,B,yes,TN2x2-Exp,Prolific,2
v4,5d3224818088eb0017fee542,2,ctl,0.625,phrase,B,yes,TN2x2-Exp,Prolific,2
v4,5d558ebe886e3f0020e90fce,1,ctl,0.625,phrase,B,yes,TN2x2-Exp,Prolific,2
v4,5d558ebe886e3f0020e90fce,2,ctl,0.75,phrase,B,yes,TN2x2-Exp,Prolific,2
v4,5d8aa37c393d840015bbe0f2,1,ctl,0.375,phrase,B,yes,TN2x2-Exp,Prolific,2
v4,5d8aa37c393d840015bbe0f2,2,ctl,0.5,phrase,B,yes,TN2x2-Exp,Prolific,2
v4,5ddff33bb28cf706c57b4c88,1,ctl,0.25,phrase,B,yes,TN2x2-Exp,Prolific,2
v4,5ddff33bb28cf706c57b4c88,2,ctl,0.375,phrase,B,yes,TN2x2-Exp,Prolific,2
v4,5e07e9301d6b46148c904a0e,1,exp,0.75,phrase,B,yes,TN2x2-Exp,Prolific,2
v4,5e07e9301d6b46148c904a0e,2,exp,0.625,phrase,B,yes,TN2x2-Exp,Prolific,2
v4,5e1f7b2a4c9b832b34e7c9d3,1,exp,0.875,phrase,B,yes,TN2x2-Exp,Prolific,2
v4,5e1f7b2a4c9b832b34e7c9d3,2,exp,1,phrase,B,yes,TN2x2-Exp,Prolific,2
v4,5e23849e42998a6218c584b6,1,ctl,0.375,phrase,B,yes,TN2x2-Exp,Prolific,2
v4,5e23849e42998a6218c584b6,2,ctl,0.625,phrase,B,yes,TN2x2-Exp,Prolific,2
v4,5e71a2c268f8320bdfd1d869,1,ctl,0.625,phrase,B,yes,TN2x2-Exp,Prolific,2
v4,5e71a2c268f8320bdfd1d869,2,ctl,0.75,phrase,B,yes,TN2x2-Exp,Prolific,2
v4,5eddd3e3ebd3960008a8fc9b,1,ctl,0.5,phrase,B,yes,TN2x2-Exp,Prolific,2
v4,5eddd3e3ebd3960008a8fc9b,2,ctl,0.625,phrase,B,yes,TN2x2-Exp,Prolific,2
v4,5f0523936e93408277d06897,1,exp,1,phrase,B,yes,TN2x2-Exp,Prolific,2
v4,5f0523936e93408277d06897,2,exp,1,phrase,B,yes,TN2x2-Exp,Prolific,2
v4,5f126c42e8bbad1bf090f635,1,exp,0.625,phrase,B,yes,TN2x2-Exp,Prolific,2
v4,5f126c42e8bbad1bf090f635,2,exp,1,phrase,B,yes,TN2x2-Exp,Prolific,2
v4,5f35cd449bf003039842077f,1,exp,0.875,phrase,B,yes,TN2x2-Exp,Prolific,2
v4,5f35cd449bf003039842077f,2,exp,0.5,phrase,B,yes,TN2x2-Exp,Prolific,2
v4,5f46a4124e9da8042853d982,1,exp,0.75,phrase,B,yes,TN2x2-Exp,Prolific,2
v4,5f46a4124e9da8042853d982,2,exp,0.75,phrase,B,yes,TN2x2-Exp,Prolific,2
v4,5f49891aeb2e884fb829b84f,1,ctl,0.625,phrase,B,yes,TN2x2-Exp,Prolific,2
v4,5f49891aeb2e884fb829b84f,2,ctl,0.375,phrase,B,yes,TN2x2-Exp,Prolific,2
v4,5f4d68285a01eea23f58ac1d,1,ctl,0.375,phrase,B,yes,TN2x2-Exp,Prolific,2
v4,5f4d68285a01eea23f58ac1d,2,ctl,0.375,phrase,B,yes,TN2x2-Exp,Prolific,2
v4,5f529cd9e0a90c58773ec3fe,1,exp,0.5,phrase,B,yes,TN2x2-Exp,Prolific,2
v4,5f529cd9e0a90c58773ec3fe,2,exp,0.625,phrase,B,yes,TN2x2-Exp,Prolific,2
v4,5f554aebf8ea7c11938463ae,1,exp,0.875,phrase,B,yes,TN2x2-Exp,Prolific,2
v4,5f554aebf8ea7c11938463ae,2,exp,0.75,phrase,B,yes,TN2x2-Exp,Prolific,2
v4,5f59196cdfe283117d6e909e,1,exp,1,phrase,B,yes,TN2x2-Exp,Prolific,2
v4,5f59196cdfe283117d6e909e,2,exp,1,phrase,B,yes,TN2x2-Exp,Prolific,2
v4,5f6601ec71b05e18238273b0,1,exp,0.5,phrase,B,yes,TN2x2-Exp,Prolific,2
v4,5f6601ec71b05e18238273b0,2,exp,0.5,phrase,B,yes,TN2x2-Exp,Prolific,2
v4,5f6a40a08673340cc395b882,1,exp,0.75,phrase,B,yes,TN2x2-Exp,Prolific,2
v4,5f6a40a08673340cc395b882,2,exp,1,phrase,B,yes,TN2x2-Exp,Prolific,2
v4,5fb41bf3f84c7006ac8e30f2,1,ctl,0.75,phrase,B,yes,TN2x2-Exp,Prolific,2
v4,5fb41bf3f84c7006ac8e30f2,2,ctl,0.5,phrase,B,yes,TN2x2-Exp,Prolific,2
v4,5fc8a956800c80232e0b7a32,1,ctl,0.5,phrase,B,yes,TN2x2-Exp,Prolific,2
v4,5fc8a956800c80232e0b7a32,2,ctl,0.375,phrase,B,yes,TN2x2-Exp,Prolific,2
v4,5fc951a3fa107d0fcee036e9,2,exp,0.75,phrase,B,yes,TN2x2-Exp,Prolific,2
v4,5fdc9c593986cc1cfdc5635b,1,ctl,0.75,phrase,B,yes,TN2x2-Exp,Prolific,2
v4,5fdc9c593986cc1cfdc5635b,2,ctl,0.625,phrase,B,yes,TN2x2-Exp,Prolific,2
v4,6017adf7488b8d2ff50ec3a7,1,ctl,0.25,phrase,B,yes,TN2x2-Exp,Prolific,2
v4,6017adf7488b8d2ff50ec3a7,2,ctl,0.375,phrase,B,yes,TN2x2-Exp,Prolific,2
v4,601c0322a43df863a76f12f3,1,ctl,0.625,phrase,B,yes,TN2x2-Exp,Prolific,2
v4,601c0322a43df863a76f12f3,2,ctl,0.75,phrase,B,yes,TN2x2-Exp,Prolific,2
v4,606a23ada7a4b4ef478305fc,1,exp,0.375,phrase,B,yes,TN2x2-Exp,Prolific,2
v4,606a23ada7a4b4ef478305fc,2,exp,0.75,phrase,B,yes,TN2x2-Exp,Prolific,2
v4,60903d8d7b7cd7027d556ebb,1,exp,0.75,phrase,B,yes,TN2x2-Exp,Prolific,2
v4,60903d8d7b7cd7027d556ebb,2,exp,0.75,phrase,B,yes,TN2x2-Exp,Prolific,2
v4,60a4ae13ab22a4ffa949cc3a,1,exp,0.625,phrase,B,yes,TN2x2-Exp,Prolific,2
v4,60a4ae13ab22a4ffa949cc3a,2,exp,1,phrase,B,yes,TN2x2-Exp,Prolific,2
v4,60a978061fcce2c3ad77ce46,1,exp,1,phrase,B,yes,TN2x2-Exp,Prolific,2
v4,60a978061fcce2c3ad77ce46,2,exp,1,phrase,B,yes,TN2x2-Exp,Prolific,2
v4,60abca98eca58f378b17dc20,1,exp,0.625,phrase,B,yes,TN2x2-Exp,Prolific,2
v4,60abca98eca58f378b17dc20,2,exp,0.625,phrase,B,yes,TN2x2-Exp,Prolific,2
v4,60ac5776680c8ad5fd1495c3,1,exp,1,phrase,B,yes,TN2x2-Exp,Prolific,2
v4,60ac5776680c8ad5fd1495c3,2,exp,1,phrase,B,yes,TN2x2-Exp,Prolific,2
v4,60b085d6a68c3c180ab729e4,1,ctl,0.625,phrase,B,yes,TN2x2-Exp,Prolific,2
v4,60b085d6a68c3c180ab729e4,2,ctl,0.5,phrase,B,yes,TN2x2-Exp,Prolific,2
v4,60b1a6ceb8ed805efaa99650,1,ctl,0.25,phrase,B,yes,TN2x2-Exp,Prolific,2
v4,60b1a6ceb8ed805efaa99650,2,ctl,0.625,phrase,B,yes,TN2x2-Exp,Prolific,2
v4,60b575de24d596147b9b1e40,1,ctl,0.375,phrase,B,yes,TN2x2-Exp,Prolific,2
v4,60b575de24d596147b9b1e40,2,ctl,0.625,phrase,B,yes,TN2x2-Exp,Prolific,2
v4,60b68b39a12ec1444b254396,1,ctl,0.375,phrase,B,yes,TN2x2-Exp,Prolific,2
v4,60b68b39a12ec1444b254396,2,ctl,0.75,phrase,B,yes,TN2x2-Exp,Prolific,2
v4,60b6f3cafa43048eb6b12893,1,ctl,0.125,phrase,B,yes,TN2x2-Exp,Prolific,2
v4,60b6f3cafa43048eb6b12893,2,ctl,0.5,phrase,B,yes,TN2x2-Exp,Prolific,2
v4,60b789d1423b24980abb318f,1,ctl,0.625,phrase,B,yes,TN2x2-Exp,Prolific,2
v4,60b789d1423b24980abb318f,2,ctl,0.625,phrase,B,yes,TN2x2-Exp,Prolific,2
v4,60b7f09a4462d1d1aa6bbcf6,1,ctl,0.25,phrase,B,yes,TN2x2-Exp,Prolific,2
v4,60b7f09a4462d1d1aa6bbcf6,2,ctl,0.5,phrase,B,yes,TN2x2-Exp,Prolific,2
v4,60b844865921d25b5eac25be,1,ctl,0.5,phrase,B,yes,TN2x2-Exp,Prolific,2
v4,60b844865921d25b5eac25be,2,ctl,0.75,phrase,B,yes,TN2x2-Exp,Prolific,2
v4,5588c94afdf99b304ee5652b,2,ctl,0.416666667,sentence,B,yes,TN2x2-Exp,Prolific,2
v4,5588dec4fdf99b304ee569a8,2,ctl,0.916666667,sentence,B,yes,TN2x2-Exp,Prolific,2
v4,55ae64defdf99b3f864653e7,2,exp,0.5,sentence,B,yes,TN2x2-Exp,Prolific,2
v4,587418895c17910001ea4e75,2,exp,0.833333333,sentence,B,yes,TN2x2-Exp,Prolific,2
v4,59498b4638e39c00012807fa,2,ctl,0.5,sentence,B,yes,TN2x2-Exp,Prolific,2
v4,599a75746b939900012da22b,2,ctl,0.666666667,sentence,B,yes,TN2x2-Exp,Prolific,2
v4,5a9c44d2f05361000172055b,2,exp,1,sentence,B,yes,TN2x2-Exp,Prolific,2
v4,5bad8fc39c0cc900017a6a28,2,exp,0.583333333,sentence,B,yes,TN2x2-Exp,Prolific,2
v4,5bc640334b3be500012d36aa,2,ctl,0.583333333,sentence,B,yes,TN2x2-Exp,Prolific,2
v4,5c31921e43b64d000171d238,2,ctl,0.583333333,sentence,B,yes,TN2x2-Exp,Prolific,2
v4,5c31a31343b64d000171d735,2,ctl,0.5,sentence,B,yes,TN2x2-Exp,Prolific,2
v4,5cb1f7e7ed80920015be22b3,2,exp,0.5,sentence,B,yes,TN2x2-Exp,Prolific,2
v4,5d3224818088eb0017fee542,2,ctl,0.583333333,sentence,B,yes,TN2x2-Exp,Prolific,2
v4,5d558ebe886e3f0020e90fce,2,ctl,0.5,sentence,B,yes,TN2x2-Exp,Prolific,2
v4,5d8aa37c393d840015bbe0f2,2,ctl,0.416666667,sentence,B,yes,TN2x2-Exp,Prolific,2
v4,5ddff33bb28cf706c57b4c88,2,ctl,0.75,sentence,B,yes,TN2x2-Exp,Prolific,2
v4,5e07e9301d6b46148c904a0e,2,exp,0.666666667,sentence,B,yes,TN2x2-Exp,Prolific,2
v4,5e1f7b2a4c9b832b34e7c9d3,2,exp,0.583333333,sentence,B,yes,TN2x2-Exp,Prolific,2
v4,5e23849e42998a6218c584b6,2,ctl,0.833333333,sentence,B,yes,TN2x2-Exp,Prolific,2
v4,5e71a2c268f8320bdfd1d869,2,ctl,0.416666667,sentence,B,yes,TN2x2-Exp,Prolific,2
v4,5eddd3e3ebd3960008a8fc9b,2,ctl,0.916666667,sentence,B,yes,TN2x2-Exp,Prolific,2
v4,5f0523936e93408277d06897,2,exp,0.666666667,sentence,B,yes,TN2x2-Exp,Prolific,2
v4,5f126c42e8bbad1bf090f635,2,exp,1,sentence,B,yes,TN2x2-Exp,Prolific,2
v4,5f35cd449bf003039842077f,2,exp,0.583333333,sentence,B,yes,TN2x2-Exp,Prolific,2
v4,5f46a4124e9da8042853d982,2,exp,0.666666667,sentence,B,yes,TN2x2-Exp,Prolific,2
v4,5f49891aeb2e884fb829b84f,2,ctl,0.5,sentence,B,yes,TN2x2-Exp,Prolific,2
v4,5f4d68285a01eea23f58ac1d,2,ctl,0.583333333,sentence,B,yes,TN2x2-Exp,Prolific,2
v4,5f529cd9e0a90c58773ec3fe,2,exp,0.666666667,sentence,B,yes,TN2x2-Exp,Prolific,2
v4,5f554aebf8ea7c11938463ae,2,exp,0.5,sentence,B,yes,TN2x2-Exp,Prolific,2
v4,5f59196cdfe283117d6e909e,2,exp,0.833333333,sentence,B,yes,TN2x2-Exp,Prolific,2
v4,5f6601ec71b05e18238273b0,2,exp,0.583333333,sentence,B,yes,TN2x2-Exp,Prolific,2
v4,5f6a40a08673340cc395b882,2,exp,0.833333333,sentence,B,yes,TN2x2-Exp,Prolific,2
v4,5fb41bf3f84c7006ac8e30f2,2,ctl,0.333333333,sentence,B,yes,TN2x2-Exp,Prolific,2
v4,5fc8a956800c80232e0b7a32,2,ctl,0.75,sentence,B,yes,TN2x2-Exp,Prolific,2
v4,5fc951a3fa107d0fcee036e9,2,exp,0.916666667,sentence,B,yes,TN2x2-Exp,Prolific,2
v4,5fdc9c593986cc1cfdc5635b,2,ctl,0.666666667,sentence,B,yes,TN2x2-Exp,Prolific,2
v4,6017adf7488b8d2ff50ec3a7,2,ctl,0.416666667,sentence,B,yes,TN2x2-Exp,Prolific,2
v4,601c0322a43df863a76f12f3,2,ctl,0.416666667,sentence,B,yes,TN2x2-Exp,Prolific,2
v4,606a23ada7a4b4ef478305fc,2,exp,0.583333333,sentence,B,yes,TN2x2-Exp,Prolific,2
v4,60903d8d7b7cd7027d556ebb,2,exp,1,sentence,B,yes,TN2x2-Exp,Prolific,2
v4,60a4ae13ab22a4ffa949cc3a,2,exp,0.666666667,sentence,B,yes,TN2x2-Exp,Prolific,2
v4,60a978061fcce2c3ad77ce46,2,exp,1,sentence,B,yes,TN2x2-Exp,Prolific,2
v4,60abca98eca58f378b17dc20,2,exp,0.416666667,sentence,B,yes,TN2x2-Exp,Prolific,2
v4,60ac5776680c8ad5fd1495c3,2,exp,0.666666667,sentence,B,yes,TN2x2-Exp,Prolific,2
v4,60b085d6a68c3c180ab729e4,2,ctl,0.5,sentence,B,yes,TN2x2-Exp,Prolific,2
v4,60b1a6ceb8ed805efaa99650,2,ctl,0.75,sentence,B,yes,TN2x2-Exp,Prolific,2
v4,60b575de24d596147b9b1e40,2,ctl,0.666666667,sentence,B,yes,TN2x2-Exp,Prolific,2
v4,60b68b39a12ec1444b254396,2,ctl,0.75,sentence,B,yes,TN2x2-Exp,Prolific,2
v4,60b6f3cafa43048eb6b12893,2,ctl,0.5,sentence,B,yes,TN2x2-Exp,Prolific,2
v4,60b789d1423b24980abb318f,2,ctl,0.666666667,sentence,B,yes,TN2x2-Exp,Prolific,2
v4,60b7f09a4462d1d1aa6bbcf6,2,ctl,0.583333333,sentence,B,yes,TN2x2-Exp,Prolific,2
v4,60b844865921d25b5eac25be,2,ctl,0.666666667,sentence,B,yes,TN2x2-Exp,Prolific,2
v5, 5fc951a3fa107d0fcee036e9,1,exp,1,phrase,C,yes,TN2x2-Exp,Prolific,2
v5,5588c94afdf99b304ee5652b,1,ctl,0.625,phrase,C,yes,TN2x2-Exp,Prolific,2
v5,5588c94afdf99b304ee5652b,2,ctl,0.625,phrase,C,yes,TN2x2-Exp,Prolific,2
v5,5588dec4fdf99b304ee569a8,1,ctl,0.625,phrase,C,yes,TN2x2-Exp,Prolific,2
v5,5588dec4fdf99b304ee569a8,2,ctl,0.5,phrase,C,yes,TN2x2-Exp,Prolific,2
v5,55ae64defdf99b3f864653e7,1,exp,0.875,phrase,C,yes,TN2x2-Exp,Prolific,2
v5,55ae64defdf99b3f864653e7,2,exp,0.75,phrase,C,yes,TN2x2-Exp,Prolific,2
v5,587418895c17910001ea4e75,1,exp,0.375,phrase,C,yes,TN2x2-Exp,Prolific,2
v5,587418895c17910001ea4e75,2,exp,0.5,phrase,C,yes,TN2x2-Exp,Prolific,2
v5,59498b4638e39c00012807fa,1,ctl,0.25,phrase,C,yes,TN2x2-Exp,Prolific,2
v5,59498b4638e39c00012807fa,2,ctl,0.5,phrase,C,yes,TN2x2-Exp,Prolific,2
v5,599a75746b939900012da22b,1,ctl,0.875,phrase,C,yes,TN2x2-Exp,Prolific,2
v5,599a75746b939900012da22b,2,ctl,0.5,phrase,C,yes,TN2x2-Exp,Prolific,2
v5,5a9c44d2f05361000172055b,1,exp,1,phrase,C,yes,TN2x2-Exp,Prolific,2
v5,5a9c44d2f05361000172055b,2,exp,1,phrase,C,yes,TN2x2-Exp,Prolific,2
v5,5bad8fc39c0cc900017a6a28,1,exp,0.375,phrase,C,yes,TN2x2-Exp,Prolific,2
v5,5bad8fc39c0cc900017a6a28,2,exp,0.625,phrase,C,yes,TN2x2-Exp,Prolific,2
v5,5bc640334b3be500012d36aa,1,ctl,0.75,phrase,C,yes,TN2x2-Exp,Prolific,2
v5,5bc640334b3be500012d36aa,2,ctl,1,phrase,C,yes,TN2x2-Exp,Prolific,2
v5,5c31921e43b64d000171d238,1,ctl,0.875,phrase,C,yes,TN2x2-Exp,Prolific,2
v5,5c31921e43b64d000171d238,2,ctl,0.75,phrase,C,yes,TN2x2-Exp,Prolific,2
v5,5c31a31343b64d000171d735,1,ctl,0.625,phrase,C,yes,TN2x2-Exp,Prolific,2
v5,5c31a31343b64d000171d735,2,ctl,0.75,phrase,C,yes,TN2x2-Exp,Prolific,2
v5,5cb1f7e7ed80920015be22b3,1,exp,1,phrase,C,yes,TN2x2-Exp,Prolific,2
v5,5cb1f7e7ed80920015be22b3,2,exp,1,phrase,C,yes,TN2x2-Exp,Prolific,2
v5,5d3224818088eb0017fee542,1,ctl,0.25,phrase,C,yes,TN2x2-Exp,Prolific,2
v5,5d3224818088eb0017fee542,2,ctl,0.625,phrase,C,yes,TN2x2-Exp,Prolific,2
v5,5d558ebe886e3f0020e90fce,1,ctl,0.625,phrase,C,yes,TN2x2-Exp,Prolific,2
v5,5d558ebe886e3f0020e90fce,2,ctl,0.75,phrase,C,yes,TN2x2-Exp,Prolific,2
v5,5d8aa37c393d840015bbe0f2,1,ctl,0.375,phrase,C,yes,TN2x2-Exp,Prolific,2
v5,5d8aa37c393d840015bbe0f2,2,ctl,0.5,phrase,C,yes,TN2x2-Exp,Prolific,2
v5,5ddff33bb28cf706c57b4c88,1,ctl,0.25,phrase,C,yes,TN2x2-Exp,Prolific,2
v5,5ddff33bb28cf706c57b4c88,2,ctl,0.375,phrase,C,yes,TN2x2-Exp,Prolific,2
v5,5e07e9301d6b46148c904a0e,1,exp,0.75,phrase,C,yes,TN2x2-Exp,Prolific,2
v5,5e07e9301d6b46148c904a0e,2,exp,0.625,phrase,C,yes,TN2x2-Exp,Prolific,2
v5,5e1f7b2a4c9b832b34e7c9d3,1,exp,0.875,phrase,C,yes,TN2x2-Exp,Prolific,2
v5,5e1f7b2a4c9b832b34e7c9d3,2,exp,1,phrase,C,yes,TN2x2-Exp,Prolific,2
v5,5e23849e42998a6218c584b6,1,ctl,0.375,phrase,C,yes,TN2x2-Exp,Prolific,2
v5,5e23849e42998a6218c584b6,2,ctl,0.625,phrase,C,yes,TN2x2-Exp,Prolific,2
v5,5e71a2c268f8320bdfd1d869,1,ctl,0.625,phrase,C,yes,TN2x2-Exp,Prolific,2
v5,5e71a2c268f8320bdfd1d869,2,ctl,0.75,phrase,C,yes,TN2x2-Exp,Prolific,2
v5,5eddd3e3ebd3960008a8fc9b,1,ctl,0.5,phrase,C,yes,TN2x2-Exp,Prolific,2
v5,5eddd3e3ebd3960008a8fc9b,2,ctl,0.625,phrase,C,yes,TN2x2-Exp,Prolific,2
v5,5f0523936e93408277d06897,1,exp,1,phrase,C,yes,TN2x2-Exp,Prolific,2
v5,5f0523936e93408277d06897,2,exp,1,phrase,C,yes,TN2x2-Exp,Prolific,2
v5,5f126c42e8bbad1bf090f635,1,exp,0.625,phrase,C,yes,TN2x2-Exp,Prolific,2
v5,5f126c42e8bbad1bf090f635,2,exp,1,phrase,C,yes,TN2x2-Exp,Prolific,2
v5,5f35cd449bf003039842077f,1,exp,0.875,phrase,C,yes,TN2x2-Exp,Prolific,2
v5,5f35cd449bf003039842077f,2,exp,0.5,phrase,C,yes,TN2x2-Exp,Prolific,2
v5,5f46a4124e9da8042853d982,1,exp,0.75,phrase,C,yes,TN2x2-Exp,Prolific,2
v5,5f46a4124e9da8042853d982,2,exp,0.75,phrase,C,yes,TN2x2-Exp,Prolific,2
v5,5f49891aeb2e884fb829b84f,1,ctl,0.625,phrase,C,yes,TN2x2-Exp,Prolific,2
v5,5f49891aeb2e884fb829b84f,2,ctl,0.375,phrase,C,yes,TN2x2-Exp,Prolific,2
v5,5f4d68285a01eea23f58ac1d,1,ctl,0.375,phrase,C,yes,TN2x2-Exp,Prolific,2
v5,5f4d68285a01eea23f58ac1d,2,ctl,0.375,phrase,C,yes,TN2x2-Exp,Prolific,2
v5,5f529cd9e0a90c58773ec3fe,1,exp,0.5,phrase,C,yes,TN2x2-Exp,Prolific,2
v5,5f529cd9e0a90c58773ec3fe,2,exp,0.625,phrase,C,yes,TN2x2-Exp,Prolific,2
v5,5f554aebf8ea7c11938463ae,1,exp,0.875,phrase,C,yes,TN2x2-Exp,Prolific,2
v5,5f554aebf8ea7c11938463ae,2,exp,0.75,phrase,C,yes,TN2x2-Exp,Prolific,2
v5,5f59196cdfe283117d6e909e,1,exp,1,phrase,C,yes,TN2x2-Exp,Prolific,2
v5,5f59196cdfe283117d6e909e,2,exp,1,phrase,C,yes,TN2x2-Exp,Prolific,2
v5,5f6601ec71b05e18238273b0,1,exp,0.5,phrase,C,yes,TN2x2-Exp,Prolific,2
v5,5f6601ec71b05e18238273b0,2,exp,0.5,phrase,C,yes,TN2x2-Exp,Prolific,2
v5,5f6a40a08673340cc395b882,1,exp,0.75,phrase,C,yes,TN2x2-Exp,Prolific,2
v5,5f6a40a08673340cc395b882,2,exp,1,phrase,C,yes,TN2x2-Exp,Prolific,2
v5,5fb41bf3f84c7006ac8e30f2,1,ctl,0.75,phrase,C,yes,TN2x2-Exp,Prolific,2
v5,5fb41bf3f84c7006ac8e30f2,2,ctl,0.5,phrase,C,yes,TN2x2-Exp,Prolific,2
v5,5fc8a956800c80232e0b7a32,1,ctl,0.5,phrase,C,yes,TN2x2-Exp,Prolific,2
v5,5fc8a956800c80232e0b7a32,2,ctl,0.375,phrase,C,yes,TN2x2-Exp,Prolific,2
v5,5fc951a3fa107d0fcee036e9,2,exp,0.75,phrase,C,yes,TN2x2-Exp,Prolific,2
v5,5fdc9c593986cc1cfdc5635b,1,ctl,0.75,phrase,C,yes,TN2x2-Exp,Prolific,2
v5,5fdc9c593986cc1cfdc5635b,2,ctl,0.625,phrase,C,yes,TN2x2-Exp,Prolific,2
v5,6017adf7488b8d2ff50ec3a7,1,ctl,0.25,phrase,C,yes,TN2x2-Exp,Prolific,2
v5,6017adf7488b8d2ff50ec3a7,2,ctl,0.375,phrase,C,yes,TN2x2-Exp,Prolific,2
v5,601c0322a43df863a76f12f3,1,ctl,0.625,phrase,C,yes,TN2x2-Exp,Prolific,2
v5,601c0322a43df863a76f12f3,2,ctl,0.75,phrase,C,yes,TN2x2-Exp,Prolific,2
v5,606a23ada7a4b4ef478305fc,1,exp,0.375,phrase,C,yes,TN2x2-Exp,Prolific,2
v5,606a23ada7a4b4ef478305fc,2,exp,0.75,phrase,C,yes,TN2x2-Exp,Prolific,2
v5,60903d8d7b7cd7027d556ebb,1,exp,0.75,phrase,C,yes,TN2x2-Exp,Prolific,2
v5,60903d8d7b7cd7027d556ebb,2,exp,0.75,phrase,C,yes,TN2x2-Exp,Prolific,2
v5,60a4ae13ab22a4ffa949cc3a,1,exp,0.625,phrase,C,yes,TN2x2-Exp,Prolific,2
v5,60a4ae13ab22a4ffa949cc3a,2,exp,1,phrase,C,yes,TN2x2-Exp,Prolific,2
v5,60a978061fcce2c3ad77ce46,1,exp,1,phrase,C,yes,TN2x2-Exp,Prolific,2
v5,60a978061fcce2c3ad77ce46,2,exp,1,phrase,C,yes,TN2x2-Exp,Prolific,2
v5,60abca98eca58f378b17dc20,1,exp,0.625,phrase,C,yes,TN2x2-Exp,Prolific,2
v5,60abca98eca58f378b17dc20,2,exp,0.625,phrase,C,yes,TN2x2-Exp,Prolific,2
v5,60ac5776680c8ad5fd1495c3,1,exp,1,phrase,C,yes,TN2x2-Exp,Prolific,2
v5,60ac5776680c8ad5fd1495c3,2,exp,1,phrase,C,yes,TN2x2-Exp,Prolific,2
v5,60b085d6a68c3c180ab729e4,1,ctl,0.625,phrase,C,yes,TN2x2-Exp,Prolific,2
v5,60b085d6a68c3c180ab729e4,2,ctl,0.5,phrase,C,yes,TN2x2-Exp,Prolific,2
v5,60b1a6ceb8ed805efaa99650,1,ctl,0.25,phrase,C,yes,TN2x2-Exp,Prolific,2
v5,60b1a6ceb8ed805efaa99650,2,ctl,0.625,phrase,C,yes,TN2x2-Exp,Prolific,2
v5,60b575de24d596147b9b1e40,1,ctl,0.375,phrase,C,yes,TN2x2-Exp,Prolific,2
v5,60b575de24d596147b9b1e40,2,ctl,0.625,phrase,C,yes,TN2x2-Exp,Prolific,2
v5,60b68b39a12ec1444b254396,1,ctl,0.375,phrase,C,yes,TN2x2-Exp,Prolific,2
v5,60b68b39a12ec1444b254396,2,ctl,0.75,phrase,C,yes,TN2x2-Exp,Prolific,2
v5,60b6f3cafa43048eb6b12893,1,ctl,0.125,phrase,C,yes,TN2x2-Exp,Prolific,2
v5,60b6f3cafa43048eb6b12893,2,ctl,0.5,phrase,C,yes,TN2x2-Exp,Prolific,2
v5,60b789d1423b24980abb318f,1,ctl,0.625,phrase,C,yes,TN2x2-Exp,Prolific,2
v5,60b789d1423b24980abb318f,2,ctl,0.625,phrase,C,yes,TN2x2-Exp,Prolific,2
v5,60b7f09a4462d1d1aa6bbcf6,1,ctl,0.25,phrase,C,yes,TN2x2-Exp,Prolific,2
v5,60b7f09a4462d1d1aa6bbcf6,2,ctl,0.5,phrase,C,yes,TN2x2-Exp,Prolific,2
v5,60b844865921d25b5eac25be,1,ctl,0.5,phrase,C,yes,TN2x2-Exp,Prolific,2
v5,60b844865921d25b5eac25be,2,ctl,0.75,phrase,C,yes,TN2x2-Exp,Prolific,2
v5,5588c94afdf99b304ee5652b,2,ctl,0.416666667,sentence,C,yes,TN2x2-Exp,Prolific,2
v5,5588dec4fdf99b304ee569a8,2,ctl,0.916666667,sentence,C,yes,TN2x2-Exp,Prolific,2
v5,55ae64defdf99b3f864653e7,2,exp,0.5,sentence,C,yes,TN2x2-Exp,Prolific,2
v5,587418895c17910001ea4e75,2,exp,0.833333333,sentence,C,yes,TN2x2-Exp,Prolific,2
v5,59498b4638e39c00012807fa,2,ctl,0.5,sentence,C,yes,TN2x2-Exp,Prolific,2
v5,599a75746b939900012da22b,2,ctl,0.666666667,sentence,C,yes,TN2x2-Exp,Prolific,2
v5,5a9c44d2f05361000172055b,2,exp,1,sentence,C,yes,TN2x2-Exp,Prolific,2
v5,5bad8fc39c0cc900017a6a28,2,exp,0.583333333,sentence,C,yes,TN2x2-Exp,Prolific,2
v5,5bc640334b3be500012d36aa,2,ctl,0.583333333,sentence,C,yes,TN2x2-Exp,Prolific,2
v5,5c31921e43b64d000171d238,2,ctl,0.583333333,sentence,C,yes,TN2x2-Exp,Prolific,2
v5,5c31a31343b64d000171d735,2,ctl,0.5,sentence,C,yes,TN2x2-Exp,Prolific,2
v5,5cb1f7e7ed80920015be22b3,2,exp,0.5,sentence,C,yes,TN2x2-Exp,Prolific,2
v5,5d3224818088eb0017fee542,2,ctl,0.583333333,sentence,C,yes,TN2x2-Exp,Prolific,2
v5,5d558ebe886e3f0020e90fce,2,ctl,0.5,sentence,C,yes,TN2x2-Exp,Prolific,2
v5,5d8aa37c393d840015bbe0f2,2,ctl,0.416666667,sentence,C,yes,TN2x2-Exp,Prolific,2
v5,5ddff33bb28cf706c57b4c88,2,ctl,0.75,sentence,C,yes,TN2x2-Exp,Prolific,2
v5,5e07e9301d6b46148c904a0e,2,exp,0.666666667,sentence,C,yes,TN2x2-Exp,Prolific,2
v5,5e1f7b2a4c9b832b34e7c9d3,2,exp,0.583333333,sentence,C,yes,TN2x2-Exp,Prolific,2
v5,5e23849e42998a6218c584b6,2,ctl,0.833333333,sentence,C,yes,TN2x2-Exp,Prolific,2
v5,5e71a2c268f8320bdfd1d869,2,ctl,0.416666667,sentence,C,yes,TN2x2-Exp,Prolific,2
v5,5eddd3e3ebd3960008a8fc9b,2,ctl,0.916666667,sentence,C,yes,TN2x2-Exp,Prolific,2
v5,5f0523936e93408277d06897,2,exp,0.666666667,sentence,C,yes,TN2x2-Exp,Prolific,2
v5,5f126c42e8bbad1bf090f635,2,exp,1,sentence,C,yes,TN2x2-Exp,Prolific,2
v5,5f35cd449bf003039842077f,2,exp,0.583333333,sentence,C,yes,TN2x2-Exp,Prolific,2
v5,5f46a4124e9da8042853d982,2,exp,0.666666667,sentence,C,yes,TN2x2-Exp,Prolific,2
v5,5f49891aeb2e884fb829b84f,2,ctl,0.5,sentence,C,yes,TN2x2-Exp,Prolific,2
v5,5f4d68285a01eea23f58ac1d,2,ctl,0.583333333,sentence,C,yes,TN2x2-Exp,Prolific,2
v5,5f529cd9e0a90c58773ec3fe,2,exp,0.666666667,sentence,C,yes,TN2x2-Exp,Prolific,2
v5,5f554aebf8ea7c11938463ae,2,exp,0.5,sentence,C,yes,TN2x2-Exp,Prolific,2
v5,5f59196cdfe283117d6e909e,2,exp,0.833333333,sentence,C,yes,TN2x2-Exp,Prolific,2
v5,5f6601ec71b05e18238273b0,2,exp,0.583333333,sentence,C,yes,TN2x2-Exp,Prolific,2
v5,5f6a40a08673340cc395b882,2,exp,0.833333333,sentence,C,yes,TN2x2-Exp,Prolific,2
v5,5fb41bf3f84c7006ac8e30f2,2,ctl,0.333333333,sentence,C,yes,TN2x2-Exp,Prolific,2
v5,5fc8a956800c80232e0b7a32,2,ctl,0.75,sentence,C,yes,TN2x2-Exp,Prolific,2
v5,5fc951a3fa107d0fcee036e9,2,exp,0.916666667,sentence,C,yes,TN2x2-Exp,Prolific,2
v5,5fdc9c593986cc1cfdc5635b,2,ctl,0.666666667,sentence,C,yes,TN2x2-Exp,Prolific,2
v5,6017adf7488b8d2ff50ec3a7,2,ctl,0.416666667,sentence,C,yes,TN2x2-Exp,Prolific,2
v5,601c0322a43df863a76f12f3,2,ctl,0.416666667,sentence,C,yes,TN2x2-Exp,Prolific,2
v5,606a23ada7a4b4ef478305fc,2,exp,0.583333333,sentence,C,yes,TN2x2-Exp,Prolific,2
v5,60903d8d7b7cd7027d556ebb,2,exp,1,sentence,C,yes,TN2x2-Exp,Prolific,2
v5,60a4ae13ab22a4ffa949cc3a,2,exp,0.666666667,sentence,C,yes,TN2x2-Exp,Prolific,2
v5,60a978061fcce2c3ad77ce46,2,exp,1,sentence,C,yes,TN2x2-Exp,Prolific,2
v5,60abca98eca58f378b17dc20,2,exp,0.416666667,sentence,C,yes,TN2x2-Exp,Prolific,2
v5,60ac5776680c8ad5fd1495c3,2,exp,0.666666667,sentence,C,yes,TN2x2-Exp,Prolific,2
v5,60b085d6a68c3c180ab729e4,2,ctl,0.5,sentence,C,yes,TN2x2-Exp,Prolific,2
v5,60b1a6ceb8ed805efaa99650,2,ctl,0.75,sentence,C,yes,TN2x2-Exp,Prolific,2
v5,60b575de24d596147b9b1e40,2,ctl,0.666666667,sentence,C,yes,TN2x2-Exp,Prolific,2
v5,60b68b39a12ec1444b254396,2,ctl,0.75,sentence,C,yes,TN2x2-Exp,Prolific,2
v5,60b6f3cafa43048eb6b12893,2,ctl,0.5,sentence,C,yes,TN2x2-Exp,Prolific,2
v5,60b789d1423b24980abb318f,2,ctl,0.666666667,sentence,C,yes,TN2x2-Exp,Prolific,2
v5,60b7f09a4462d1d1aa6bbcf6,2,ctl,0.583333333,sentence,C,yes,TN2x2-Exp,Prolific,2
v5,60b844865921d25b5eac25be,2,ctl,0.666666667,sentence,C,yes,TN2x2-Exp,Prolific,2
v6,4Lhgi,1,exp,0.375,phrase,D,yes,TN2x2-Exp,Georgetown (Online),1
v6,7YmpL,1,exp,0.375,phrase,D,yes,TN2x2-Exp,Georgetown (Online),1
v6,9Dd9f,1,exp,0.25,phrase,D,yes,TN2x2-Exp,Georgetown (Online),1
v6,FtXIB,1,exp,0.25,phrase,D,yes,TN2x2-Exp,Georgetown (Online),1
v6,fTxlt,1,exp,0.625,phrase,D,yes,TN2x2-Exp,Georgetown (Online),1
v6,IGkfL,1,exp,0.625,phrase,D,yes,TN2x2-Exp,Georgetown (Online),1
v6,lpah2,1,exp,1,phrase,D,yes,TN2x2-Exp,Georgetown (Online),1
v6,LqgsU,1,exp,0.375,phrase,D,yes,TN2x2-Exp,Georgetown (Online),1
v6,M4sbD,1,exp,0.875,phrase,D,yes,TN2x2-Exp,Georgetown (Online),1
v6,N5VJ5,1,exp,0.625,phrase,D,yes,TN2x2-Exp,Georgetown (Online),1
v6,np0dS,1,exp,0.625,phrase,D,yes,TN2x2-Exp,Georgetown (Online),1
v6,RQRhZ,1,exp,0.5,phrase,D,yes,TN2x2-Exp,Georgetown (Online),1
v6,zeKbP,1,exp,0.5,phrase,D,yes,TN2x2-Exp,Georgetown (Online),1
v6,ZFXaO,1,exp,0.875,phrase,D,yes,TN2x2-Exp,Georgetown (Online),1
v6,4Lhgi,1,exp,0.333333333,sentence,D,yes,TN2x2-Exp,Georgetown (Online),1
v6,7YmpL,1,exp,0.666666667,sentence,D,yes,TN2x2-Exp,Georgetown (Online),1
v6,9Dd9f,1,exp,0.5,sentence,D,yes,TN2x2-Exp,Georgetown (Online),1
v6,FtXIB,1,exp,0.416666667,sentence,D,yes,TN2x2-Exp,Georgetown (Online),1
v6,fTxlt,1,exp,0.583333333,sentence,D,yes,TN2x2-Exp,Georgetown (Online),1
v6,IGkfL,1,exp,0.416666667,sentence,D,yes,TN2x2-Exp,Georgetown (Online),1
v6,lpah2,1,exp,0.666666667,sentence,D,yes,TN2x2-Exp,Georgetown (Online),1
v6,LqgsU,1,exp,0.833333333,sentence,D,yes,TN2x2-Exp,Georgetown (Online),1
v6,M4sbD,1,exp,0.5,sentence,D,yes,TN2x2-Exp,Georgetown (Online),1
v6,N5VJ5,1,exp,0.5,sentence,D,yes,TN2x2-Exp,Georgetown (Online),1
v6,np0dS,1,exp,0.5,sentence,D,yes,TN2x2-Exp,Georgetown (Online),1
v6,RQRhZ,1,exp,0.333333333,sentence,D,yes,TN2x2-Exp,Georgetown (Online),1
v6,zeKbP,1,exp,0.416666667,sentence,D,yes,TN2x2-Exp,Georgetown (Online),1
v6,ZFXaO,1,exp,0.75,sentence,D,yes,TN2x2-Exp,Georgetown (Online),1
v7,565bff58c121fe0005fc390d,1,exp,0.75,phrase,E,yes,TN2x2-Exp,Prolific,1
v7,5c98310742270c0014d0287a,1,exp,0.5,phrase,E,yes,TN2x2-Exp,Prolific,1
v7,5ddb84c67af661ad594e95d4,1,exp,0.625,phrase,E,yes,TN2x2-Exp,Prolific,1
v7,5df9846d76f45070feedf075,1,exp,0.625,phrase,E,yes,TN2x2-Exp,Prolific,1
v7,5ed929186e439f4729693f32,1,exp,0.625,phrase,E,yes,TN2x2-Exp,Prolific,1
v7,5f5353ff017c5965165df065,1,exp,0.875,phrase,E,yes,TN2x2-Exp,Prolific,1
v7,6012ed349807110d8eb941a6,1,exp,0.5,phrase,E,yes,TN2x2-Exp,Prolific,1
v7,60c382725a7a55abef2e8e99,1,exp,1,phrase,E,yes,TN2x2-Exp,Prolific,1
v7,6105a3ab3439f5af30a3777b,1,exp,0.375,phrase,E,yes,TN2x2-Exp,Prolific,1
v7,61365f766033bc62f92053dc,1,exp,0.375,phrase,E,yes,TN2x2-Exp,Prolific,1
v7,615039e5815124bccc71c92b,1,exp,0.75,phrase,E,yes,TN2x2-Exp,Prolific,1
v7,6168d697eba319246a288a7a,1,exp,0.5,phrase,E,yes,TN2x2-Exp,Prolific,1
v7,623a4d7294028cfe9638272f,1,exp,0.5,phrase,E,yes,TN2x2-Exp,Prolific,1
v7,565bff58c121fe0005fc390d,1,exp,0.75,sentence,E,yes,TN2x2-Exp,Prolific,1
v7,5c98310742270c0014d0287a,1,exp,0.666666667,sentence,E,yes,TN2x2-Exp,Prolific,1
v7,5ddb84c67af661ad594e95d4,1,exp,0.166666667,sentence,E,yes,TN2x2-Exp,Prolific,1
v7,5df9846d76f45070feedf075,1,exp,0.583333333,sentence,E,yes,TN2x2-Exp,Prolific,1
v7,5ed929186e439f4729693f32,1,exp,0.333333333,sentence,E,yes,TN2x2-Exp,Prolific,1
v7,5f5353ff017c5965165df065,1,exp,0.666666667,sentence,E,yes,TN2x2-Exp,Prolific,1
v7,6012ed349807110d8eb941a6,1,exp,0.583333333,sentence,E,yes,TN2x2-Exp,Prolific,1
v7,60c382725a7a55abef2e8e99,1,exp,0.916666667,sentence,E,yes,TN2x2-Exp,Prolific,1
v7,6105a3ab3439f5af30a3777b,1,exp,0.333333333,sentence,E,yes,TN2x2-Exp,Prolific,1
v7,61365f766033bc62f92053dc,1,exp,0.333333333,sentence,E,yes,TN2x2-Exp,Prolific,1
v7,615039e5815124bccc71c92b,1,exp,0.666666667,sentence,E,yes,TN2x2-Exp,Prolific,1
v7,6168d697eba319246a288a7a,1,exp,0.75,sentence,E,yes,TN2x2-Exp,Prolific,1
v7,623a4d7294028cfe9638272f,1,exp,0.666666667,sentence,E,yes,TN2x2-Exp,Prolific,1
v8,591c7f98f03ecd0001fbb428,2,exp,0.5,phrase,E,yes,TN2x2-Exp,Prolific,2
v8,5c0ef103857373000152f759,2,exp,0.75,phrase,E,yes,TN2x2-Exp,Prolific,2
v8,5dfa56fddc265f7ac3bee209,2,exp,0.5,phrase,E,yes,TN2x2-Exp,Prolific,2
v8,5e2e147d047efa000c6b833d,2,exp,0.875,phrase,E,yes,TN2x2-Exp,Prolific,2
v8,5eb02a40b17a8c0868685d32,2,exp,0.375,phrase,E,yes,TN2x2-Exp,Prolific,2
v8,5eea7f7eeaccd018d7218549,2,exp,0.875,phrase,E,yes,TN2x2-Exp,Prolific,2
v8,5ef7ac2cc347580e1795f9f2,2,exp,0.5,phrase,E,yes,TN2x2-Exp,Prolific,2
v8,5f4671a7945ff70281441e4e,2,exp,0.375,phrase,E,yes,TN2x2-Exp,Prolific,2
v8,60c1cc647e32e198c6c734e0,2,exp,0.375,phrase,E,yes,TN2x2-Exp,Prolific,2
v8,611c852a4b18971c1cb9cf1b,2,exp,0.75,phrase,E,yes,TN2x2-Exp,Prolific,2
v8,6151e367f510c841179bf2d9,2,exp,1,phrase,E,yes,TN2x2-Exp,Prolific,2
v8,615e8d0ac26e9a2f04f94a6f,2,exp,0.875,phrase,E,yes,TN2x2-Exp,Prolific,2
v8,591c7f98f03ecd0001fbb428,2,exp,0.333333333,sentence,E,yes,TN2x2-Exp,Prolific,2
v8,5c0ef103857373000152f759,2,exp,0.666666667,sentence,E,yes,TN2x2-Exp,Prolific,2
v8,5dfa56fddc265f7ac3bee209,2,exp,0.5,sentence,E,yes,TN2x2-Exp,Prolific,2
v8,5e2e147d047efa000c6b833d,2,exp,0.5,sentence,E,yes,TN2x2-Exp,Prolific,2
v8,5eb02a40b17a8c0868685d32,2,exp,0.583333333,sentence,E,yes,TN2x2-Exp,Prolific,2
v8,5eea7f7eeaccd018d7218549,2,exp,0.666666667,sentence,E,yes,TN2x2-Exp,Prolific,2
v8,5ef7ac2cc347580e1795f9f2,2,exp,0.833333333,sentence,E,yes,TN2x2-Exp,Prolific,2
v8,5f4671a7945ff70281441e4e,2,exp,0.666666667,sentence,E,yes,TN2x2-Exp,Prolific,2
v8,60c1cc647e32e198c6c734e0,2,exp,0.5,sentence,E,yes,TN2x2-Exp,Prolific,2
v8,611c852a4b18971c1cb9cf1b,2,exp,0.833333333,sentence,E,yes,TN2x2-Exp,Prolific,2
v8,6151e367f510c841179bf2d9,2,exp,0.666666667,sentence,E,yes,TN2x2-Exp,Prolific,2
v8,615e8d0ac26e9a2f04f94a6f,2,exp,0.583333333,sentence,E,yes,TN2x2-Exp,Prolific,2
v9,p01,1,exp,1,phrase,E,yes,TN2x2-Exp,Haskins (In-person),1
v9,p02,1,exp,0.625,phrase,E,yes,TN2x2-Exp,Haskins (In-person),1
v9,p03,1,exp,0.875,phrase,E,yes,TN2x2-Exp,Haskins (In-person),1
v9,p04,1,exp,0.625,phrase,E,yes,TN2x2-Exp,Haskins (In-person),1
v9,p05,1,exp,0.25,phrase,E,yes,TN2x2-Exp,Haskins (In-person),1
v9,p06,1,exp,0.5,phrase,E,yes,TN2x2-Exp,Haskins (In-person),1
v9,p07,1,exp,0.875,phrase,E,yes,TN2x2-Exp,Haskins (In-person),1
v9,p08,1,exp,0.875,phrase,E,yes,TN2x2-Exp,Haskins (In-person),1
v9,p09,1,exp,0.75,phrase,E,yes,TN2x2-Exp,Haskins (In-person),1
v9,p10,1,exp,0.75,phrase,E,yes,TN2x2-Exp,Haskins (In-person),1
v9,p01,1,exp,0.916666667,sentence,E,yes,TN2x2-Exp,Haskins (In-person),1
v9,p02,1,exp,0.833333333,sentence,E,yes,TN2x2-Exp,Haskins (In-person),1
v9,p03,1,exp,0.5,sentence,E,yes,TN2x2-Exp,Haskins (In-person),1
v9,p04,1,exp,0.5,sentence,E,yes,TN2x2-Exp,Haskins (In-person),1
v9,p05,1,exp,0.5,sentence,E,yes,TN2x2-Exp,Haskins (In-person),1
v9,p06,1,exp,0.5,sentence,E,yes,TN2x2-Exp,Haskins (In-person),1
v9,p07,1,exp,0.583333333,sentence,E,yes,TN2x2-Exp,Haskins (In-person),1
v9,p08,1,exp,0.583333333,sentence,E,yes,TN2x2-Exp,Haskins (In-person),1
v9,p09,1,exp,0.416666667,sentence,E,yes,TN2x2-Exp,Haskins (In-person),1
v9,p10,1,exp,0.666666667,sentence,E,yes,TN2x2-Exp,Haskins (In-person),1